hotspot_id,project_id,number_of_patches,mean_probability,max_probability,min_probability,centroid_latitude,centroid_longitude,candidate_priority_score
MH-001-HS-0036,MH-001,711,0.1779,0.3777,0.1,21.147499,78.921803,2.4808
MH-001-HS-0061,MH-001,154,0.2328,0.4636,0.1274,21.138469,78.924706,2.3383
MH-001-HS-0000,MH-001,493,0.166,0.3321,0.1005,21.176833,78.920888,2.0601
MH-001-HS-0059,MH-001,37,0.214,0.4306,0.1566,21.140382,78.931726,1.5663
MH-001-HS-0011,MH-001,106,0.1829,0.3034,0.1028,21.164506,78.917198,1.4178
MH-001-HS-0031,MH-001,113,0.1757,0.2972,0.1034,21.150134,78.937899,1.4075
MH-001-HS-0057,MH-001,91,0.2001,0.3083,0.1054,21.142909,78.931545,1.3942
MH-001-HS-0065,MH-001,44,0.2147,0.364,0.1448,21.137355,78.932343,1.3857
MH-001-HS-0025,MH-001,39,0.2341,0.3452,0.1132,21.161942,78.917271,1.2735
MH-001-HS-0066,MH-001,49,0.2201,0.3252,0.1521,21.13648,78.937717,1.272
MH-001-HS-0043,MH-001,69,0.1668,0.2523,0.1036,21.147668,78.931466,1.072
MH-001-HS-0068,MH-001,24,0.208,0.3263,0.1629,21.135899,78.926183,1.0502
MH-001-HS-0064,MH-001,26,0.2236,0.3172,0.1662,21.137694,78.930766,1.0453
MH-001-HS-0040,MH-001,33,0.1776,0.2865,0.1178,21.151638,78.930681,1.0104
MH-001-HS-0032,MH-001,21,0.1929,0.3128,0.1016,21.152842,78.925795,0.9669
MH-001-HS-0014,MH-001,33,0.1871,0.2563,0.1001,21.164394,78.92534,0.9037
MH-001-HS-0027,MH-001,17,0.239,0.3093,0.1507,21.161928,78.932784,0.8939
MH-001-HS-0005,MH-001,15,0.1881,0.3175,0.1192,21.177163,78.919558,0.8802
MH-001-HS-0012,MH-001,27,0.1975,0.2641,0.1039,21.164982,78.921594,0.8802
MH-001-HS-0017,MH-001,26,0.1867,0.2566,0.1023,21.163503,78.930517,0.8456
MH-001-HS-0021,MH-001,13,0.2034,0.2722,0.1489,21.163483,78.932196,0.7182
MH-001-HS-0072,MH-001,23,0.1935,0.2238,0.1603,21.134978,78.931455,0.7113
MH-001-HS-0035,MH-001,21,0.1734,0.2232,0.1093,21.152187,78.932956,0.69
MH-001-HS-0051,MH-001,12,0.2325,0.2545,0.1991,21.145668,78.930652,0.6528
MH-001-HS-0071,MH-001,6,0.2547,0.314,0.168,21.135068,78.924947,0.611
MH-001-HS-0039,MH-001,14,0.1277,0.2172,0.1002,21.152072,78.923857,0.5882
MH-001-HS-0070,MH-001,7,0.2125,0.2736,0.1857,21.135286,78.933328,0.569
MH-001-HS-0055,MH-001,13,0.1679,0.2095,0.1305,21.144431,78.925127,0.5529
MH-001-HS-0038,MH-001,4,0.2633,0.2984,0.204,21.153034,78.923106,0.4802
MH-001-HS-0002,MH-001,9,0.1892,0.2034,0.1756,21.179535,78.91839,0.4682
MH-001-HS-0013,MH-001,7,0.173,0.2239,0.1145,21.165008,78.923818,0.4656
MH-001-HS-0003,MH-001,7,0.1757,0.2157,0.121,21.177982,78.920469,0.4485
MH-001-HS-0004,MH-001,3,0.2537,0.2816,0.2146,21.178097,78.926475,0.3904
MH-001-HS-0020,MH-001,4,0.2232,0.2384,0.2055,21.163814,78.922837,0.3836
MH-001-HS-0046,MH-001,5,0.2042,0.2139,0.1808,21.146297,78.922702,0.3832
MH-001-HS-0054,MH-001,3,0.2048,0.2393,0.1779,21.145219,78.933392,0.3317
MH-001-HS-0044,MH-001,5,0.1611,0.1824,0.1163,21.148129,78.926367,0.3267
MH-001-HS-0030,MH-001,3,0.22,0.2345,0.2029,21.154382,78.938063,0.325
MH-001-HS-0053,MH-001,3,0.2155,0.2267,0.2095,21.145398,78.931865,0.3143
MH-001-HS-0015,MH-001,4,0.189,0.1942,0.1835,21.165364,78.931056,0.3126
MH-001-HS-0029,MH-001,5,0.137,0.1604,0.1011,21.161766,78.926259,0.2874
MH-001-HS-0052,MH-001,2,0.234,0.2458,0.2222,21.145623,78.932538,0.27
MH-001-HS-0056,MH-001,3,0.1825,0.1895,0.1754,21.1445,78.926385,0.2628
MH-001-HS-0067,MH-001,3,0.1685,0.1872,0.1495,21.137404,78.933482,0.2595
MH-001-HS-0023,MH-001,2,0.2354,0.2361,0.2347,21.163275,78.92634,0.2593
MH-001-HS-0034,MH-001,2,0.2145,0.2196,0.2094,21.153304,78.931461,0.2412
MH-001-HS-0041,MH-001,2,0.1892,0.212,0.1665,21.152226,78.921759,0.2329
MH-001-HS-0016,MH-001,2,0.1554,0.191,0.1199,21.165026,78.926475,0.2098
MH-001-HS-0028,MH-001,2,0.1682,0.1882,0.1481,21.162062,78.923914,0.2068
MH-001-HS-0062,MH-001,1,0.2959,0.2959,0.2959,21.13956,78.937255,0.2051
MH-001-HS-0024,MH-001,1,0.295,0.295,0.295,21.163006,78.915965,0.2045
MH-001-HS-0026,MH-001,3,0.1287,0.1455,0.1081,21.162197,78.931146,0.2017
MH-001-HS-0007,MH-001,2,0.1741,0.181,0.1671,21.176211,78.92122,0.1989
MH-001-HS-0009,MH-001,2,0.1549,0.1663,0.1435,21.175402,78.91556,0.1827
MH-001-HS-0033,MH-001,1,0.2461,0.2461,0.2461,21.153304,78.930248,0.1706
MH-001-HS-0047,MH-001,1,0.2432,0.2432,0.2432,21.146566,78.932943,0.1686
MH-001-HS-0048,MH-001,1,0.2425,0.2425,0.2425,21.146566,78.933482,0.1681
MH-001-HS-0022,MH-001,1,0.2389,0.2389,0.2389,21.163275,78.924588,0.1656
MH-001-HS-0050,MH-001,1,0.2362,0.2362,0.2362,21.146297,78.938602,0.1637
MH-001-HS-0049,MH-001,1,0.2353,0.2353,0.2353,21.146297,78.932404,0.1631
MH-001-HS-0006,MH-001,1,0.2246,0.2246,0.2246,21.177289,78.916773,0.1557
MH-001-HS-0019,MH-001,1,0.2206,0.2206,0.2206,21.164353,78.932134,0.1529
MH-001-HS-0063,MH-001,1,0.2083,0.2083,0.2083,21.13929,78.930248,0.1444
MH-001-HS-0069,MH-001,1,0.2019,0.2019,0.2019,21.136595,78.931326,0.1399
MH-001-HS-0058,MH-001,1,0.1992,0.1992,0.1992,21.14441,78.932673,0.1381
MH-001-HS-0008,MH-001,1,0.1935,0.1935,0.1935,21.176211,78.922433,0.1341
MH-001-HS-0001,MH-001,1,0.193,0.193,0.193,21.179984,78.916234,0.1338
MH-001-HS-0045,MH-001,1,0.1751,0.1751,0.1751,21.147375,78.926205,0.1214
MH-001-HS-0060,MH-001,1,0.1564,0.1564,0.1564,21.140907,78.933482,0.1084
MH-001-HS-0010,MH-001,1,0.1448,0.1448,0.1448,21.175402,78.922163,0.1003
MH-001-HS-0037,MH-001,1,0.1392,0.1392,0.1392,21.153034,78.921355,0.0965
MH-001-HS-0018,MH-001,1,0.1197,0.1197,0.1197,21.164892,78.931595,0.083
MH-001-HS-0042,MH-001,1,0.1135,0.1135,0.1135,21.151687,78.921894,0.0787
MH-002-HS-0002,MH-002,4558,0.2035,0.625,0.1,19.598119,80.345644,5.2659
MH-002-HS-0000,MH-002,1220,0.2659,0.5961,0.1094,19.615321,80.346204,4.2371
MH-002-HS-0007,MH-002,564,0.1966,0.5276,0.1019,19.601834,80.378304,3.3432
MH-002-HS-0004,MH-002,250,0.2079,0.5505,0.1012,19.609382,80.367229,3.0418
MH-002-HS-0010,MH-002,380,0.1892,0.4859,0.1001,19.603279,80.366982,2.8874
MH-002-HS-0009,MH-002,137,0.2117,0.4797,0.1016,19.605311,80.355709,2.3638
MH-002-HS-0021,MH-002,17,0.2762,0.3937,0.1021,19.587984,80.342304,1.1378
MH-002-HS-0017,MH-002,11,0.276,0.4146,0.1014,19.593494,80.33772,1.0301
MH-002-HS-0016,MH-002,13,0.2042,0.3535,0.128,19.599771,80.364374,0.9329
MH-002-HS-0019,MH-002,11,0.2302,0.3726,0.1293,19.591068,80.357222,0.926
MH-002-HS-0022,MH-002,19,0.1897,0.307,0.1025,19.587469,80.33701,0.9198
MH-002-HS-0011,MH-002,10,0.1922,0.239,0.1376,19.603818,80.378269,0.573
MH-002-HS-0020,MH-002,2,0.4054,0.4074,0.4034,19.591044,80.352506,0.4476
MH-002-HS-0013,MH-002,3,0.2227,0.2923,0.1443,19.602991,80.357312,0.4052
MH-002-HS-0003,MH-002,2,0.2338,0.2751,0.1924,19.615702,80.334854,0.3023
MH-002-HS-0026,MH-002,3,0.1895,0.2159,0.1497,19.586822,80.346532,0.2993
MH-002-HS-0005,MH-002,2,0.2391,0.2658,0.2125,19.610852,80.365307,0.292
MH-002-HS-0024,MH-002,4,0.1374,0.1624,0.1061,19.587001,80.344892,0.2613
MH-002-HS-0001,MH-002,1,0.3611,0.3611,0.3611,19.618263,80.34186,0.2503
MH-002-HS-0023,MH-002,1,0.3059,0.3059,0.3059,19.58754,80.345633,0.212
MH-002-HS-0006,MH-002,1,0.2386,0.2386,0.2386,19.610986,80.365846,0.1654
MH-002-HS-0018,MH-002,1,0.1931,0.1931,0.1931,19.592661,80.338357,0.1338
MH-002-HS-0014,MH-002,1,0.1616,0.1616,0.1616,19.601554,80.346981,0.112
MH-002-HS-0012,MH-002,1,0.1443,0.1443,0.1443,19.603171,80.356413,0.1
MH-002-HS-0027,MH-002,1,0.1399,0.1399,0.1399,19.585654,80.346172,0.097
MH-002-HS-0025,MH-002,1,0.1119,0.1119,0.1119,19.587271,80.34725,0.0776
MH-002-HS-0008,MH-002,1,0.1104,0.1104,0.1104,19.608291,80.353449,0.0766
MH-002-HS-0015,MH-002,1,0.1005,0.1005,0.1005,19.601015,80.347789,0.0696
MH-003-HS-0048,MH-003,52,0.1632,0.2165,0.1006,18.914021,73.501709,0.8597
MH-003-HS-0005,MH-003,84,0.1312,0.1743,0.1004,18.944019,73.447756,0.7742
MH-003-HS-0032,MH-003,51,0.138,0.1919,0.1011,18.939337,73.45248,0.7581
MH-003-HS-0035,MH-003,52,0.1291,0.17,0.1001,18.938996,73.458492,0.6751
MH-003-HS-0019,MH-003,30,0.1276,0.1625,0.1023,18.940412,73.446833,0.558
MH-003-HS-0029,MH-003,16,0.1329,0.1719,0.1086,18.939355,73.44514,0.4871
MH-003-HS-0002,MH-003,12,0.1445,0.1802,0.1014,18.946053,73.449649,0.4623
MH-003-HS-0034,MH-003,12,0.1341,0.1732,0.1006,18.939091,73.449267,0.4441
MH-003-HS-0043,MH-003,11,0.1247,0.1538,0.1029,18.938548,73.462325,0.3821
MH-003-HS-0053,MH-003,8,0.1316,0.1515,0.1143,18.912625,73.502829,0.333
MH-003-HS-0024,MH-003,11,0.1144,0.1287,0.1038,18.940851,73.4513,0.3197
MH-003-HS-0040,MH-003,6,0.1275,0.1637,0.1052,18.938912,73.465077,0.3186
MH-003-HS-0049,MH-003,4,0.1669,0.189,0.136,18.91441,73.49845,0.3042
MH-003-HS-0003,MH-003,5,0.1339,0.1697,0.1086,18.945874,73.447489,0.3041
MH-003-HS-0045,MH-003,8,0.1115,0.1317,0.101,18.938193,73.446303,0.2894
MH-003-HS-0041,MH-003,4,0.1342,0.1697,0.1026,18.938799,73.451019,0.2731
MH-003-HS-0044,MH-003,4,0.1196,0.1363,0.1026,18.938597,73.467188,0.2194
MH-003-HS-0055,MH-003,4,0.1199,0.1331,0.1046,18.911446,73.503098,0.2142
MH-003-HS-0052,MH-003,2,0.1721,0.1865,0.1577,18.913399,73.497237,0.2048
MH-003-HS-0007,MH-003,4,0.1176,0.1248,0.1073,18.944998,73.446909,0.2009
MH-003-HS-0017,MH-003,4,0.1105,0.1177,0.1038,18.94237,73.450345,0.1895
MH-003-HS-0004,MH-003,2,0.1464,0.1529,0.1399,18.946008,73.463011,0.168
MH-003-HS-0012,MH-003,3,0.1147,0.1212,0.1097,18.942909,73.447111,0.168
MH-003-HS-0016,MH-003,3,0.1141,0.1193,0.1099,18.94264,73.449267,0.1654
MH-003-HS-0050,MH-003,2,0.1378,0.1496,0.126,18.914343,73.497372,0.1644
MH-003-HS-0018,MH-003,3,0.111,0.1183,0.1009,18.942191,73.451602,0.1639
MH-003-HS-0025,MH-003,3,0.1067,0.1118,0.1024,18.940843,73.448189,0.155
MH-003-HS-0027,MH-003,2,0.1257,0.1394,0.112,18.940618,73.46382,0.1531
MH-003-HS-0006,MH-003,2,0.1276,0.1384,0.1169,18.9452,73.462742,0.152
MH-003-HS-0038,MH-003,2,0.1351,0.1376,0.1327,18.939001,73.44792,0.1512
MH-003-HS-0028,MH-003,2,0.1276,0.1299,0.1253,18.940484,73.448863,0.1428
MH-003-HS-0010,MH-003,2,0.1221,0.1272,0.117,18.944392,73.44509,0.1398
MH-003-HS-0011,MH-003,2,0.123,0.1265,0.1195,18.943583,73.46355,0.139
MH-003-HS-0013,MH-003,2,0.1156,0.121,0.1103,18.942909,73.451558,0.1329
MH-003-HS-0051,MH-003,2,0.1168,0.1189,0.1147,18.914208,73.499662,0.1306
MH-003-HS-0020,MH-003,2,0.11,0.1113,0.1086,18.941696,73.448459,0.1223
MH-003-HS-0033,MH-003,2,0.1072,0.1111,0.1033,18.939675,73.465571,0.122
MH-003-HS-0037,MH-003,2,0.1057,0.1103,0.1011,18.939271,73.466784,0.1212
MH-003-HS-0039,MH-003,2,0.1091,0.1095,0.1086,18.939001,73.464089,0.1203
MH-003-HS-0022,MH-003,2,0.1085,0.1091,0.1079,18.941562,73.445359,0.1199
MH-003-HS-0047,MH-003,2,0.1026,0.1027,0.1025,18.937789,73.45048,0.1128
MH-003-HS-0054,MH-003,1,0.1447,0.1447,0.1447,18.912726,73.50074,0.1003
MH-003-HS-0030,MH-003,1,0.1409,0.1409,0.1409,18.940214,73.466515,0.0977
MH-003-HS-0008,MH-003,1,0.1327,0.1327,0.1327,18.944796,73.444416,0.092
MH-003-HS-0031,MH-003,1,0.1266,0.1266,0.1266,18.939945,73.448189,0.0878
MH-003-HS-0042,MH-003,1,0.1253,0.1253,0.1253,18.938597,73.451962,0.0869
MH-003-HS-0014,MH-003,1,0.1231,0.1231,0.1231,18.94264,73.444416,0.0853
MH-003-HS-0046,MH-003,1,0.1172,0.1172,0.1172,18.938328,73.455196,0.0813
MH-003-HS-0015,MH-003,1,0.1146,0.1146,0.1146,18.94264,73.445494,0.0795
MH-003-HS-0023,MH-003,1,0.1133,0.1133,0.1133,18.941562,73.449536,0.0785
MH-003-HS-0000,MH-003,1,0.1108,0.1108,0.1108,18.947491,73.46355,0.0768
MH-003-HS-0026,MH-003,1,0.1107,0.1107,0.1107,18.940753,73.449806,0.0767
MH-003-HS-0001,MH-003,1,0.1089,0.1089,0.1089,18.946413,73.448189,0.0755
MH-003-HS-0009,MH-003,1,0.1077,0.1077,0.1077,18.944796,73.446033,0.0746
MH-003-HS-0036,MH-003,1,0.1033,0.1033,0.1033,18.939406,73.457352,0.0716
MH-003-HS-0021,MH-003,1,0.1031,0.1031,0.1031,18.941831,73.450075,0.0715
