temporal_sample_id,project_id,target,s_delta,Delta_Pred,Error_Type
MH-001_21.179984_78.914887,MH-001,0,0.005902224,0,TN
MH-001_21.179984_78.915156,MH-001,0,0.0051389257,0,TN
MH-001_21.179984_78.915426,MH-001,0,0.001319634,0,TN
MH-001_21.179984_78.916234,MH-001,0,0.0006835281,0,TN
MH-001_21.179984_78.918121,MH-001,1,0.44781917,1,TP
MH-001_21.179984_78.91839,MH-001,0,0.5300144,1,FP
MH-001_21.179984_78.918929,MH-001,0,0.6147128,1,FP
MH-001_21.179984_78.919199,MH-001,0,0.71101445,1,FP
MH-001_21.179984_78.919738,MH-001,0,0.8611365,1,FP
MH-001_21.179984_78.920007,MH-001,0,0.8864317,1,FP
MH-001_21.179984_78.920277,MH-001,0,0.8313634,1,FP
MH-001_21.179984_78.920546,MH-001,1,0.7797578,1,TP
MH-001_21.179984_78.920816,MH-001,1,0.74348086,1,TP
MH-001_21.179984_78.921085,MH-001,1,0.647148,1,TP
MH-001_21.179984_78.921355,MH-001,1,0.60479575,1,TP
MH-001_21.179984_78.921624,MH-001,0,0.67195445,1,FP
MH-001_21.179984_78.921894,MH-001,0,0.6444331,1,FP
MH-001_21.179984_78.92378,MH-001,1,0.7654239,1,TP
MH-001_21.179984_78.924319,MH-001,0,0.8564979,1,FP
MH-001_21.179984_78.924588,MH-001,0,0.86048454,1,FP
MH-001_21.179714_78.914887,MH-001,0,0.0147505235,0,TN
MH-001_21.179714_78.915156,MH-001,0,0.007915862,0,TN
MH-001_21.179714_78.915695,MH-001,0,0.0016055782,0,TN
MH-001_21.179714_78.917851,MH-001,1,0.43966797,1,TP
MH-001_21.179714_78.918121,MH-001,0,0.70033103,1,FP
MH-001_21.179714_78.91839,MH-001,1,0.789261,1,TP
MH-001_21.179714_78.919468,MH-001,1,0.9293459,1,TP
MH-001_21.179714_78.920007,MH-001,0,0.964995,1,FP
MH-001_21.179714_78.920277,MH-001,0,0.9592798,1,FP
MH-001_21.179714_78.920546,MH-001,1,0.90967816,1,TP
MH-001_21.179714_78.920816,MH-001,1,0.86223584,1,TP
MH-001_21.179714_78.921085,MH-001,1,0.7211669,1,TP
MH-001_21.179714_78.921355,MH-001,0,0.79157466,1,FP
MH-001_21.179714_78.921624,MH-001,1,0.7674991,1,TP
MH-001_21.179714_78.921894,MH-001,1,0.7490511,1,TP
MH-001_21.179714_78.92351,MH-001,0,0.70096046,1,FP
MH-001_21.179714_78.924049,MH-001,0,0.65333986,1,FP
MH-001_21.179714_78.924319,MH-001,0,0.75344473,1,FP
MH-001_21.179714_78.924588,MH-001,1,0.84918284,1,TP
MH-001_21.179445_78.914887,MH-001,0,0.008031957,0,TN
MH-001_21.179445_78.915156,MH-001,0,0.0073542977,0,TN
MH-001_21.179445_78.915426,MH-001,0,0.0040211813,0,TN
MH-001_21.179445_78.915695,MH-001,0,0.001795786,0,TN
MH-001_21.179445_78.915965,MH-001,0,0.0030485017,0,TN
MH-001_21.179445_78.91839,MH-001,1,0.7607728,1,TP
MH-001_21.179445_78.920007,MH-001,1,0.99165934,1,TP
MH-001_21.179445_78.920277,MH-001,0,0.98951095,1,FP
MH-001_21.179445_78.920546,MH-001,1,0.977803,1,TP
MH-001_21.179445_78.920816,MH-001,1,0.9515203,1,TP
MH-001_21.179445_78.921085,MH-001,1,0.9151824,1,TP
MH-001_21.179445_78.921355,MH-001,1,0.8671699,1,TP
MH-001_21.179445_78.921624,MH-001,1,0.831127,1,TP
MH-001_21.179445_78.921894,MH-001,1,0.777821,1,TP
MH-001_21.179445_78.922163,MH-001,1,0.66954315,1,TP
MH-001_21.179445_78.924049,MH-001,0,0.521721,1,FP
MH-001_21.179445_78.925127,MH-001,1,0.89101684,1,TP
MH-001_21.179445_78.925397,MH-001,0,0.79613084,1,FP
MH-001_21.179445_78.925666,MH-001,0,0.77643317,1,FP
MH-001_21.179445_78.925936,MH-001,0,0.5754516,1,FP
MH-001_21.179175_78.914887,MH-001,0,0.011431416,0,TN
MH-001_21.179175_78.915156,MH-001,0,0.01812654,0,TN
MH-001_21.179175_78.915695,MH-001,0,0.0039158687,0,TN
MH-001_21.179175_78.915965,MH-001,0,0.0036621408,0,TN
MH-001_21.179175_78.916504,MH-001,0,0.007349402,0,TN
MH-001_21.179175_78.916773,MH-001,0,0.017743744,0,TN
MH-001_21.179175_78.917043,MH-001,0,0.03956547,0,TN
MH-001_21.179175_78.917312,MH-001,0,0.0464494,0,TN
MH-001_21.179175_78.91866,MH-001,0,0.7838684,1,FP
MH-001_21.179175_78.918929,MH-001,0,0.82838756,1,FP
MH-001_21.179175_78.920277,MH-001,0,0.9825233,1,FP
MH-001_21.179175_78.920546,MH-001,1,0.9670328,1,TP
MH-001_21.179175_78.920816,MH-001,1,0.92486113,1,TP
MH-001_21.179175_78.921085,MH-001,1,0.86541253,1,TP
MH-001_21.179175_78.921355,MH-001,1,0.87119234,1,TP
MH-001_21.179175_78.921624,MH-001,1,0.8281146,1,TP
MH-001_21.179175_78.921894,MH-001,1,0.8041184,1,TP
MH-001_21.179175_78.922163,MH-001,0,0.67096305,1,FP
MH-001_21.179175_78.922433,MH-001,1,0.6668562,1,TP
MH-001_21.179175_78.922702,MH-001,0,0.59301955,1,FP
MH-001_21.179175_78.923241,MH-001,1,0.49970573,1,TP
MH-001_21.179175_78.92351,MH-001,1,0.25758067,1,TP
MH-001_21.179175_78.924319,MH-001,0,0.5442575,1,FP
MH-001_21.179175_78.925127,MH-001,1,0.8457619,1,TP
MH-001_21.179175_78.925397,MH-001,1,0.77381825,1,TP
MH-001_21.179175_78.925666,MH-001,1,0.8481782,1,TP
MH-001_21.179175_78.925936,MH-001,0,0.6133115,1,FP
MH-001_21.178906_78.914617,MH-001,0,0.008947535,0,TN
MH-001_21.178906_78.914887,MH-001,0,0.015468687,0,TN
MH-001_21.178906_78.915156,MH-001,0,0.014765043,0,TN
MH-001_21.178906_78.915426,MH-001,0,0.008115937,0,TN
MH-001_21.178906_78.917043,MH-001,0,0.01331291,0,TN
MH-001_21.178906_78.917312,MH-001,0,0.016816555,0,TN
MH-001_21.178906_78.917582,MH-001,0,0.021728823,0,TN
MH-001_21.178906_78.91866,MH-001,0,0.13844346,1,FP
MH-001_21.178906_78.920546,MH-001,1,0.97170526,1,TP
MH-001_21.178906_78.920816,MH-001,1,0.96129686,1,TP
MH-001_21.178906_78.921085,MH-001,1,0.9124468,1,TP
MH-001_21.178906_78.921355,MH-001,1,0.90994376,1,TP
MH-001_21.178906_78.921624,MH-001,1,0.8903551,1,TP
MH-001_21.178906_78.921894,MH-001,1,0.7810827,1,TP
MH-001_21.178906_78.922163,MH-001,1,0.7046483,1,TP
MH-001_21.178906_78.922433,MH-001,1,0.7049709,1,TP
MH-001_21.178906_78.922702,MH-001,1,0.5984249,1,TP
MH-001_21.178906_78.923241,MH-001,1,0.5358671,1,TP
MH-001_21.178906_78.92351,MH-001,1,0.2566421,1,TP
MH-001_21.178906_78.924049,MH-001,1,0.08286764,0,FN
MH-001_21.178906_78.924319,MH-001,0,0.1628212,1,FP
MH-001_21.178906_78.924858,MH-001,1,0.6639142,1,TP
MH-001_21.178906_78.925397,MH-001,1,0.8380298,1,TP
MH-001_21.178906_78.925666,MH-001,1,0.9163042,1,TP
MH-001_21.178906_78.925936,MH-001,0,0.76467174,1,FP
MH-001_21.178906_78.926205,MH-001,1,0.7791844,1,TP
MH-001_21.178906_78.926475,MH-001,1,0.33089098,1,TP
MH-001_21.178636_78.914617,MH-001,0,0.014684944,0,TN
MH-001_21.178636_78.914887,MH-001,0,0.037435103,0,TN
MH-001_21.178636_78.915156,MH-001,0,0.028046796,0,TN
MH-001_21.178636_78.916504,MH-001,0,0.0015790113,0,TN
MH-001_21.178636_78.916773,MH-001,0,0.001340635,0,TN
MH-001_21.178636_78.917043,MH-001,0,0.0020532033,0,TN
MH-001_21.178636_78.917312,MH-001,0,0.0026284258,0,TN
MH-001_21.178636_78.917582,MH-001,0,0.0056153485,0,TN
MH-001_21.178636_78.917851,MH-001,0,0.005139477,0,TN
MH-001_21.178636_78.918121,MH-001,0,0.0053345626,0,TN
MH-001_21.178636_78.921355,MH-001,1,0.7549972,1,TP
MH-001_21.178636_78.921624,MH-001,0,0.7967632,1,FP
MH-001_21.178636_78.921894,MH-001,1,0.75808877,1,TP
MH-001_21.178636_78.922163,MH-001,1,0.70442784,1,TP
MH-001_21.178636_78.922433,MH-001,1,0.7453147,1,TP
MH-001_21.178636_78.922702,MH-001,0,0.5840936,1,FP
MH-001_21.178636_78.923241,MH-001,1,0.3083859,1,TP
MH-001_21.178636_78.92351,MH-001,1,0.09151007,0,FN
MH-001_21.178636_78.924049,MH-001,1,0.07007131,0,FN
MH-001_21.178636_78.924319,MH-001,0,0.15277846,1,FP
MH-001_21.178636_78.924588,MH-001,0,0.17836502,1,FP
MH-001_21.178636_78.924858,MH-001,1,0.43412897,1,TP
MH-001_21.178636_78.925127,MH-001,1,0.5529049,1,TP
MH-001_21.178636_78.925666,MH-001,1,0.8048593,1,TP
MH-001_21.178367_78.914887,MH-001,0,0.03968836,0,TN
MH-001_21.178367_78.915156,MH-001,0,0.02352407,0,TN
MH-001_21.178367_78.915695,MH-001,0,0.009011285,0,TN
MH-001_21.178367_78.916773,MH-001,0,0.0006541892,0,TN
MH-001_21.178367_78.917043,MH-001,0,0.00090576237,0,TN
MH-001_21.178367_78.917312,MH-001,0,0.0016916163,0,TN
MH-001_21.178367_78.917582,MH-001,0,0.0025321697,0,TN
MH-001_21.178367_78.917851,MH-001,0,0.0036474373,0,TN
MH-001_21.178367_78.920277,MH-001,0,0.81994116,1,FP
MH-001_21.178367_78.921355,MH-001,1,0.79275346,1,TP
MH-001_21.178367_78.921624,MH-001,1,0.8731574,1,TP
MH-001_21.178367_78.921894,MH-001,1,0.86073613,1,TP
MH-001_21.178367_78.922163,MH-001,1,0.8559939,1,TP
MH-001_21.178367_78.922433,MH-001,0,0.8400271,1,FP
MH-001_21.178367_78.922702,MH-001,0,0.7771557,1,FP
MH-001_21.178367_78.92351,MH-001,0,0.15126154,1,FP
MH-001_21.178367_78.92378,MH-001,0,0.066030525,0,TN
MH-001_21.178367_78.924049,MH-001,0,0.057613768,0,TN
MH-001_21.178367_78.924319,MH-001,0,0.06556569,0,TN
MH-001_21.178367_78.924858,MH-001,0,0.09886021,0,TN
MH-001_21.178367_78.926475,MH-001,1,0.090604514,0,FN
MH-001_21.178097_78.914617,MH-001,0,0.029458119,0,TN
MH-001_21.178097_78.914887,MH-001,0,0.088061735,0,TN
MH-001_21.178097_78.915426,MH-001,0,0.080233075,0,TN
MH-001_21.178097_78.915695,MH-001,0,0.05127018,0,TN
MH-001_21.178097_78.916773,MH-001,0,0.0014439278,0,TN
MH-001_21.178097_78.917312,MH-001,0,0.0034660923,0,TN
MH-001_21.178097_78.917582,MH-001,0,0.0059002605,0,TN
MH-001_21.178097_78.917851,MH-001,0,0.004776315,0,TN
MH-001_21.178097_78.918121,MH-001,0,0.0039073965,0,TN
MH-001_21.178097_78.91839,MH-001,0,0.0061658937,0,TN
MH-001_21.178097_78.920277,MH-001,0,0.46286622,1,FP
MH-001_21.178097_78.920546,MH-001,0,0.7382042,1,FP
MH-001_21.178097_78.920816,MH-001,0,0.6861284,1,FP
MH-001_21.178097_78.921355,MH-001,0,0.73524845,1,FP
MH-001_21.178097_78.921624,MH-001,0,0.86263937,1,FP
MH-001_21.178097_78.921894,MH-001,1,0.87083596,1,TP
MH-001_21.178097_78.922163,MH-001,0,0.9150436,1,FP
MH-001_21.178097_78.922433,MH-001,0,0.8954983,1,FP
MH-001_21.178097_78.922702,MH-001,0,0.8471684,1,FP
MH-001_21.178097_78.922972,MH-001,0,0.7333935,1,FP
MH-001_21.178097_78.92378,MH-001,0,0.25035834,1,FP
MH-001_21.178097_78.924049,MH-001,0,0.09937534,0,TN
MH-001_21.178097_78.926475,MH-001,0,0.04619885,0,TN
MH-001_21.177828_78.914617,MH-001,0,0.053476524,0,TN
MH-001_21.177828_78.914887,MH-001,0,0.11560599,1,FP
MH-001_21.177828_78.915156,MH-001,0,0.13010319,1,FP
MH-001_21.177828_78.915426,MH-001,0,0.10577468,1,FP
MH-001_21.177828_78.915695,MH-001,0,0.10139694,1,FP
MH-001_21.177828_78.917851,MH-001,0,0.024841318,0,TN
MH-001_21.177828_78.918121,MH-001,0,0.022257471,0,TN
MH-001_21.177828_78.920277,MH-001,0,0.21363486,1,FP
MH-001_21.177828_78.920546,MH-001,0,0.28240713,1,FP
MH-001_21.177828_78.921355,MH-001,0,0.43961072,1,FP
MH-001_21.177828_78.921624,MH-001,0,0.6138087,1,FP
MH-001_21.177828_78.921894,MH-001,0,0.73356885,1,FP
MH-001_21.177828_78.922163,MH-001,1,0.8419379,1,TP
MH-001_21.177828_78.922433,MH-001,1,0.87185365,1,TP
MH-001_21.177828_78.922702,MH-001,1,0.87749225,1,TP
MH-001_21.177828_78.922972,MH-001,1,0.7716174,1,TP
MH-001_21.177828_78.92378,MH-001,1,0.44216278,1,TP
MH-001_21.177828_78.924049,MH-001,0,0.19458406,1,FP
MH-001_21.177828_78.924588,MH-001,0,0.04713025,0,TN
MH-001_21.177828_78.924858,MH-001,0,0.062765405,0,TN
MH-001_21.177828_78.925127,MH-001,1,0.06612584,0,FN
MH-001_21.177828_78.926475,MH-001,1,0.02848906,0,FN
MH-001_21.177558_78.914617,MH-001,0,0.056883402,0,TN
MH-001_21.177558_78.915156,MH-001,0,0.16811962,1,FP
MH-001_21.177558_78.915426,MH-001,0,0.077142306,0,TN
MH-001_21.177558_78.915695,MH-001,0,0.07435633,0,TN
MH-001_21.177558_78.915965,MH-001,0,0.03259524,0,TN
MH-001_21.177558_78.918121,MH-001,0,0.046741273,0,TN
MH-001_21.177558_78.91839,MH-001,0,0.054070607,0,TN
MH-001_21.177558_78.918929,MH-001,0,0.06283385,0,TN
MH-001_21.177558_78.919199,MH-001,0,0.06482121,0,TN
MH-001_21.177558_78.919468,MH-001,0,0.11024087,1,FP
MH-001_21.177558_78.919738,MH-001,0,0.18667743,1,FP
MH-001_21.177558_78.920546,MH-001,0,0.1631278,1,FP
MH-001_21.177558_78.921355,MH-001,0,0.2650694,1,FP
MH-001_21.177558_78.921624,MH-001,0,0.39250582,1,FP
MH-001_21.177558_78.921894,MH-001,0,0.6485364,1,FP
MH-001_21.177558_78.922163,MH-001,1,0.8298308,1,TP
MH-001_21.177558_78.922433,MH-001,1,0.9008831,1,TP
MH-001_21.177558_78.922702,MH-001,1,0.912436,1,TP
MH-001_21.177558_78.922972,MH-001,1,0.82655895,1,TP
MH-001_21.177558_78.923241,MH-001,1,0.7439441,1,TP
MH-001_21.177558_78.92351,MH-001,0,0.5935114,1,FP
MH-001_21.177558_78.924319,MH-001,1,0.044656035,0,FN
MH-001_21.177558_78.924588,MH-001,0,0.04658446,0,TN
MH-001_21.177558_78.924858,MH-001,1,0.07272092,0,FN
MH-001_21.177558_78.925127,MH-001,1,0.11166457,1,TP
MH-001_21.177558_78.925397,MH-001,0,0.08642957,0,TN
MH-001_21.177558_78.925666,MH-001,0,0.08944072,0,TN
MH-001_21.177289_78.914887,MH-001,0,0.2894146,1,FP
MH-001_21.177289_78.915156,MH-001,0,0.32438183,1,FP
MH-001_21.177289_78.915426,MH-001,0,0.14310668,1,FP
MH-001_21.177289_78.916773,MH-001,0,0.0096436115,0,TN
MH-001_21.177289_78.917851,MH-001,0,0.13239911,1,FP
MH-001_21.177289_78.918121,MH-001,0,0.17930156,1,FP
MH-001_21.177289_78.91839,MH-001,1,0.15723297,1,TP
MH-001_21.177289_78.919199,MH-001,0,0.11872248,1,FP
MH-001_21.177289_78.919468,MH-001,0,0.10160505,1,FP
MH-001_21.177289_78.919738,MH-001,0,0.090654105,0,TN
MH-001_21.177289_78.920007,MH-001,0,0.1213474,1,FP
MH-001_21.177289_78.921355,MH-001,0,0.2478551,1,FP
MH-001_21.177289_78.921624,MH-001,0,0.3860829,1,FP
MH-001_21.177289_78.921894,MH-001,0,0.7117967,1,FP
MH-001_21.177289_78.922163,MH-001,0,0.8936826,1,FP
MH-001_21.177289_78.922433,MH-001,0,0.93801993,1,FP
MH-001_21.177289_78.922702,MH-001,0,0.91856474,1,FP
MH-001_21.177289_78.922972,MH-001,1,0.84037846,1,TP
MH-001_21.177289_78.923241,MH-001,0,0.67966896,1,FP
MH-001_21.177289_78.92351,MH-001,0,0.5735947,1,FP
MH-001_21.177289_78.92378,MH-001,0,0.41915712,1,FP
MH-001_21.177289_78.924049,MH-001,0,0.23778574,1,FP
MH-001_21.177289_78.924319,MH-001,0,0.11612878,1,FP
MH-001_21.177289_78.924588,MH-001,0,0.09025247,0,TN
MH-001_21.177289_78.924858,MH-001,1,0.07569354,0,FN
MH-001_21.177289_78.925397,MH-001,0,0.062052995,0,TN
MH-001_21.177019_78.914617,MH-001,0,0.3076822,1,FP
MH-001_21.177019_78.914887,MH-001,0,0.35180905,1,FP
MH-001_21.177019_78.915156,MH-001,0,0.4415951,1,FP
MH-001_21.177019_78.915426,MH-001,0,0.11956622,1,FP
MH-001_21.177019_78.915695,MH-001,1,0.09623335,0,FN
MH-001_21.177019_78.917851,MH-001,0,0.07834351,0,TN
MH-001_21.177019_78.918121,MH-001,0,0.08003807,0,TN
MH-001_21.177019_78.919199,MH-001,0,0.2435242,1,FP
MH-001_21.177019_78.919468,MH-001,0,0.2989298,1,FP
MH-001_21.177019_78.919738,MH-001,0,0.2513931,1,FP
MH-001_21.177019_78.920007,MH-001,0,0.30851233,1,FP
MH-001_21.177019_78.921355,MH-001,0,0.04497618,0,TN
MH-001_21.177019_78.921624,MH-001,0,0.11014159,1,FP
MH-001_21.177019_78.921894,MH-001,0,0.74632937,1,FP
MH-001_21.177019_78.922163,MH-001,0,0.9032845,1,FP
MH-001_21.177019_78.922433,MH-001,0,0.95926636,1,FP
MH-001_21.177019_78.922702,MH-001,0,0.9356177,1,FP
MH-001_21.177019_78.922972,MH-001,0,0.8638217,1,FP
MH-001_21.177019_78.923241,MH-001,0,0.73945343,1,FP
MH-001_21.177019_78.92351,MH-001,1,0.5558826,1,TP
MH-001_21.177019_78.92378,MH-001,1,0.4335933,1,TP
MH-001_21.177019_78.924049,MH-001,0,0.31247833,1,FP
MH-001_21.177019_78.924319,MH-001,0,0.21890542,1,FP
MH-001_21.177019_78.924588,MH-001,0,0.12670906,1,FP
MH-001_21.177019_78.925127,MH-001,1,0.09654096,0,FN
MH-001_21.177019_78.925397,MH-001,0,0.08192427,0,TN
MH-001_21.17675_78.914887,MH-001,0,0.5831108,1,FP
MH-001_21.17675_78.915156,MH-001,0,0.53903866,1,FP
MH-001_21.17675_78.915426,MH-001,0,0.1281329,1,FP
MH-001_21.17675_78.915695,MH-001,0,0.088713765,0,TN
MH-001_21.17675_78.915965,MH-001,0,0.025790332,0,TN
MH-001_21.17675_78.916234,MH-001,0,0.012737301,0,TN
MH-001_21.17675_78.916504,MH-001,0,0.005508822,0,TN
MH-001_21.17675_78.917043,MH-001,0,0.0044496236,0,TN
MH-001_21.17675_78.917582,MH-001,0,0.0241409,0,TN
MH-001_21.17675_78.917851,MH-001,0,0.046961013,0,TN
MH-001_21.17675_78.918121,MH-001,0,0.053377315,0,TN
MH-001_21.17675_78.91839,MH-001,0,0.070666134,0,TN
MH-001_21.17675_78.919738,MH-001,0,0.14138411,1,FP
MH-001_21.17675_78.920007,MH-001,0,0.12591943,1,FP
MH-001_21.17675_78.921894,MH-001,0,0.39145198,1,FP
MH-001_21.17675_78.922702,MH-001,0,0.9453667,1,FP
MH-001_21.17675_78.922972,MH-001,1,0.8916071,1,TP
MH-001_21.17675_78.924319,MH-001,0,0.3406956,1,FP
MH-001_21.17675_78.924858,MH-001,0,0.0880755,0,TN
MH-001_21.17675_78.925127,MH-001,0,0.068155155,0,TN
MH-001_21.17675_78.925397,MH-001,0,0.058696482,0,TN
MH-001_21.17675_78.926205,MH-001,0,0.057349823,0,TN
MH-001_21.17648_78.914887,MH-001,0,0.79642904,1,FP
MH-001_21.17648_78.915156,MH-001,0,0.62851655,1,FP
MH-001_21.17648_78.915426,MH-001,0,0.24964897,1,FP
MH-001_21.17648_78.915695,MH-001,0,0.1482704,1,FP
MH-001_21.17648_78.915965,MH-001,0,0.052095093,0,TN
MH-001_21.17648_78.916234,MH-001,0,0.022136666,0,TN
MH-001_21.17648_78.916504,MH-001,0,0.008613093,0,TN
MH-001_21.17648_78.917043,MH-001,0,0.006203059,0,TN
MH-001_21.17648_78.917582,MH-001,0,0.015475173,0,TN
MH-001_21.17648_78.917851,MH-001,0,0.037414674,0,TN
MH-001_21.17648_78.918121,MH-001,0,0.018393677,0,TN
MH-001_21.17648_78.919468,MH-001,0,0.06746524,0,TN
MH-001_21.17648_78.923241,MH-001,1,0.9603103,1,TP
MH-001_21.17648_78.92378,MH-001,1,0.688012,1,TP
MH-001_21.17648_78.924049,MH-001,0,0.46852842,1,FP
MH-001_21.17648_78.924319,MH-001,0,0.39093804,1,FP
MH-001_21.17648_78.924588,MH-001,0,0.23539765,1,FP
MH-001_21.17648_78.926205,MH-001,0,0.07051866,0,TN
MH-001_21.176211_78.915156,MH-001,0,0.75010765,1,FP
MH-001_21.176211_78.915426,MH-001,0,0.3342434,1,FP
MH-001_21.176211_78.915695,MH-001,0,0.24043858,1,FP
MH-001_21.176211_78.915965,MH-001,0,0.08823723,0,TN
MH-001_21.176211_78.916234,MH-001,0,0.037840493,0,TN
MH-001_21.176211_78.916504,MH-001,0,0.010694822,0,TN
MH-001_21.176211_78.917312,MH-001,0,0.0062744375,0,TN
MH-001_21.176211_78.917851,MH-001,0,0.0168951,0,TN
MH-001_21.176211_78.918121,MH-001,0,0.0132951075,0,TN
MH-001_21.176211_78.921085,MH-001,0,0.11642961,1,FP
MH-001_21.176211_78.921355,MH-001,0,0.080649234,0,TN
MH-001_21.176211_78.922433,MH-001,0,0.9516667,1,FP
MH-001_21.176211_78.922972,MH-001,1,0.93814284,1,TP
MH-001_21.176211_78.92351,MH-001,1,0.8318658,1,TP
MH-001_21.176211_78.92378,MH-001,1,0.73407924,1,TP
MH-001_21.176211_78.924049,MH-001,1,0.5062489,1,TP
MH-001_21.176211_78.924319,MH-001,0,0.5336891,1,FP
MH-001_21.176211_78.924588,MH-001,0,0.4061134,1,FP
MH-001_21.176211_78.924858,MH-001,0,0.21528535,1,FP
MH-001_21.176211_78.925397,MH-001,0,0.22202902,1,FP
MH-001_21.176211_78.925936,MH-001,0,0.16095737,1,FP
MH-001_21.175941_78.915426,MH-001,0,0.7959001,1,FP
MH-001_21.175941_78.915695,MH-001,0,0.71092755,1,FP
MH-001_21.175941_78.915965,MH-001,0,0.27867258,1,FP
MH-001_21.175941_78.916234,MH-001,0,0.14785206,1,FP
MH-001_21.175941_78.916504,MH-001,0,0.041565422,0,TN
MH-001_21.175941_78.917312,MH-001,0,0.007448087,0,TN
MH-001_21.175941_78.918121,MH-001,0,0.006905087,0,TN
MH-001_21.175941_78.91839,MH-001,0,0.0067925984,0,TN
MH-001_21.175941_78.91866,MH-001,0,0.0050121793,0,TN
MH-001_21.175941_78.919468,MH-001,0,0.0073468597,0,TN
MH-001_21.175941_78.919738,MH-001,0,0.015272397,0,TN
MH-001_21.175941_78.923241,MH-001,1,0.904179,1,TP
MH-001_21.175941_78.92351,MH-001,1,0.8234524,1,TP
MH-001_21.175941_78.92378,MH-001,1,0.6963724,1,TP
MH-001_21.175941_78.924049,MH-001,0,0.5202101,1,FP
MH-001_21.175941_78.924319,MH-001,0,0.4764288,1,FP
MH-001_21.175941_78.924588,MH-001,0,0.32841858,1,FP
MH-001_21.175941_78.924858,MH-001,0,0.260212,1,FP
MH-001_21.175941_78.925397,MH-001,0,0.20251635,1,FP
MH-001_21.175941_78.925936,MH-001,0,0.12381677,1,FP
MH-001_21.175941_78.926205,MH-001,0,0.23182635,1,FP
MH-001_21.175672_78.916234,MH-001,1,0.21018313,1,TP
MH-001_21.175672_78.916504,MH-001,1,0.056005016,0,FN
MH-001_21.175672_78.916773,MH-001,1,0.01884782,0,FN
MH-001_21.175672_78.917312,MH-001,1,0.005758966,0,FN
MH-001_21.175672_78.918121,MH-001,0,0.005675766,0,TN
MH-001_21.175672_78.91839,MH-001,0,0.0051087416,0,TN
MH-001_21.175672_78.91866,MH-001,0,0.006149663,0,TN
MH-001_21.175672_78.919199,MH-001,0,0.0057287365,0,TN
MH-001_21.175672_78.919468,MH-001,0,0.004622251,0,TN
MH-001_21.175672_78.919738,MH-001,0,0.010368529,0,TN
MH-001_21.175672_78.920007,MH-001,1,0.021169838,0,FN
MH-001_21.175672_78.920277,MH-001,0,0.04359733,0,TN
MH-001_21.175672_78.920816,MH-001,0,0.14086966,1,FP
MH-001_21.175672_78.921085,MH-001,0,0.34596407,1,FP
MH-001_21.175672_78.921355,MH-001,0,0.4780494,1,FP
MH-001_21.175672_78.923241,MH-001,1,0.85225564,1,TP
MH-001_21.175672_78.92351,MH-001,1,0.5383554,1,TP
MH-001_21.175672_78.92378,MH-001,1,0.36893305,1,TP
MH-001_21.175672_78.924049,MH-001,0,0.21324083,1,FP
MH-001_21.175672_78.924319,MH-001,0,0.11751985,1,FP
MH-001_21.175672_78.924588,MH-001,0,0.09707541,0,TN
MH-001_21.175672_78.924858,MH-001,0,0.100924216,1,FP
MH-001_21.175672_78.925397,MH-001,0,0.13672687,1,FP
MH-001_21.175672_78.925666,MH-001,0,0.14355727,1,FP
MH-001_21.175672_78.926475,MH-001,0,0.21433172,1,FP
MH-001_21.175402_78.915426,MH-001,0,0.88871497,1,FP
MH-001_21.175402_78.915695,MH-001,0,0.8258693,1,FP
MH-001_21.175402_78.916504,MH-001,1,0.093520455,0,FN
MH-001_21.175402_78.916773,MH-001,1,0.023451958,0,FN
MH-001_21.175402_78.917312,MH-001,1,0.0136239175,0,FN
MH-001_21.175402_78.918121,MH-001,0,0.008015697,0,TN
MH-001_21.175402_78.91839,MH-001,0,0.0077675222,0,TN
MH-001_21.175402_78.91866,MH-001,0,0.009261198,0,TN
MH-001_21.175402_78.918929,MH-001,0,0.008484654,0,TN
MH-001_21.175402_78.919199,MH-001,0,0.009755391,0,TN
MH-001_21.175402_78.919468,MH-001,0,0.0069220816,0,TN
MH-001_21.175402_78.919738,MH-001,0,0.017401222,0,TN
MH-001_21.175402_78.920007,MH-001,0,0.020925969,0,TN
MH-001_21.175402_78.920277,MH-001,0,0.03961436,0,TN
MH-001_21.175402_78.920546,MH-001,0,0.059325542,0,TN
MH-001_21.175402_78.921085,MH-001,0,0.38234088,1,FP
MH-001_21.175402_78.921355,MH-001,0,0.42197338,1,FP
MH-001_21.175402_78.921624,MH-001,0,0.46653593,1,FP
MH-001_21.175402_78.922163,MH-001,0,0.22720297,1,FP
MH-001_21.175402_78.92351,MH-001,1,0.06976979,0,FN
MH-001_21.175402_78.92378,MH-001,0,0.07082466,0,TN
MH-001_21.175402_78.924049,MH-001,0,0.041425373,0,TN
MH-001_21.175402_78.925127,MH-001,0,0.061460495,0,TN
MH-001_21.175402_78.925397,MH-001,0,0.07244459,0,TN
MH-001_21.175402_78.925666,MH-001,0,0.06665367,0,TN
MH-001_21.175133_78.916234,MH-001,1,0.2338546,1,TP
MH-001_21.175133_78.916773,MH-001,1,0.024866385,0,FN
MH-001_21.175133_78.917851,MH-001,0,0.016122287,0,TN
MH-001_21.175133_78.918121,MH-001,0,0.011342122,0,TN
MH-001_21.175133_78.91839,MH-001,0,0.0147198215,0,TN
MH-001_21.175133_78.919738,MH-001,0,0.034212958,0,TN
MH-001_21.175133_78.920007,MH-001,0,0.026129099,0,TN
MH-001_21.175133_78.920277,MH-001,0,0.027979737,0,TN
MH-001_21.175133_78.921355,MH-001,0,0.12388198,1,FP
MH-001_21.175133_78.923241,MH-001,0,0.046569724,0,TN
MH-001_21.175133_78.92378,MH-001,0,0.039523248,0,TN
MH-001_21.175133_78.924588,MH-001,0,0.00924312,0,TN
MH-001_21.175133_78.924858,MH-001,0,0.012617747,0,TN
MH-001_21.175133_78.925127,MH-001,0,0.014222599,0,TN
MH-001_21.175133_78.925666,MH-001,0,0.020586666,0,TN
MH-001_21.175133_78.925936,MH-001,0,0.033075415,0,TN
MH-001_21.175133_78.926205,MH-001,0,0.051002994,0,TN
MH-001_21.174863_78.916504,MH-001,1,0.04956222,0,FN
MH-001_21.174863_78.916773,MH-001,0,0.016291821,0,TN
MH-001_21.174863_78.917043,MH-001,1,0.010910763,0,FN
MH-001_21.174863_78.917312,MH-001,1,0.016313883,0,FN
MH-001_21.174863_78.917582,MH-001,0,0.013491617,0,TN
MH-001_21.174863_78.917851,MH-001,0,0.018812247,0,TN
MH-001_21.174863_78.918121,MH-001,0,0.021205919,0,TN
MH-001_21.174863_78.921085,MH-001,0,0.07824118,0,TN
MH-001_21.174863_78.921355,MH-001,0,0.05477359,0,TN
MH-001_21.174863_78.921624,MH-001,0,0.055622973,0,TN
MH-001_21.174863_78.921894,MH-001,0,0.09327908,0,TN
MH-001_21.174863_78.92378,MH-001,0,0.05485361,0,TN
MH-001_21.174863_78.924049,MH-001,0,0.024596134,0,TN
MH-001_21.174863_78.925666,MH-001,0,0.008851755,0,TN
MH-001_21.174594_78.916234,MH-001,0,0.06700489,0,TN
MH-001_21.174594_78.916504,MH-001,1,0.03983304,0,FN
MH-001_21.174594_78.917312,MH-001,0,0.014222199,0,TN
MH-001_21.174594_78.917582,MH-001,0,0.012352489,0,TN
MH-001_21.174594_78.917851,MH-001,0,0.020424273,0,TN
MH-001_21.174594_78.91866,MH-001,0,0.0562798,0,TN
MH-001_21.174594_78.920277,MH-001,0,0.035690997,0,TN
MH-001_21.174594_78.920546,MH-001,0,0.020854332,0,TN
MH-001_21.174594_78.920816,MH-001,1,0.026251514,0,FN
MH-001_21.174594_78.921085,MH-001,0,0.020777754,0,TN
MH-001_21.174594_78.921355,MH-001,0,0.014045437,0,TN
MH-001_21.174594_78.921624,MH-001,0,0.009276735,0,TN
MH-001_21.174594_78.921894,MH-001,0,0.009023021,0,TN
MH-001_21.174594_78.922163,MH-001,0,0.01121416,0,TN
MH-001_21.174594_78.922433,MH-001,0,0.006064698,0,TN
MH-001_21.174594_78.923241,MH-001,0,0.032924972,0,TN
MH-001_21.174594_78.92351,MH-001,0,0.041384116,0,TN
MH-001_21.174594_78.925397,MH-001,0,0.011144724,0,TN
MH-001_21.174594_78.925666,MH-001,0,0.016640468,0,TN
MH-001_21.174594_78.925936,MH-001,0,0.033896375,0,TN
MH-001_21.174594_78.926205,MH-001,0,0.03396606,0,TN
MH-001_21.174594_78.926475,MH-001,0,0.08184754,0,TN
MH-001_21.174324_78.917043,MH-001,0,0.010723729,0,TN
MH-001_21.174324_78.917312,MH-001,0,0.008366181,0,TN
MH-001_21.174324_78.917582,MH-001,0,0.00832554,0,TN
MH-001_21.174324_78.917851,MH-001,0,0.00832003,0,TN
MH-001_21.174324_78.918121,MH-001,0,0.018118251,0,TN
MH-001_21.174324_78.91839,MH-001,0,0.03959672,0,TN
MH-001_21.174324_78.918929,MH-001,0,0.06473373,0,TN
MH-001_21.174324_78.919738,MH-001,0,0.069073774,0,TN
MH-001_21.174324_78.920007,MH-001,0,0.04547426,0,TN
MH-001_21.174324_78.920277,MH-001,0,0.026645297,0,TN
MH-001_21.174324_78.920546,MH-001,1,0.024011662,0,FN
MH-001_21.174324_78.920816,MH-001,1,0.018992027,0,FN
MH-001_21.174324_78.921085,MH-001,1,0.018033873,0,FN
MH-001_21.174324_78.921355,MH-001,1,0.00782946,0,FN
MH-001_21.174324_78.921624,MH-001,1,0.0056617847,0,FN
MH-001_21.174324_78.921894,MH-001,0,0.0043213037,0,TN
MH-001_21.174324_78.922163,MH-001,0,0.009241077,0,TN
MH-001_21.174324_78.922433,MH-001,0,0.0120573975,0,TN
MH-001_21.174324_78.922702,MH-001,0,0.022968808,0,TN
MH-001_21.174324_78.922972,MH-001,0,0.030894885,0,TN
MH-001_21.174324_78.924588,MH-001,0,0.009773445,0,TN
MH-001_21.174324_78.924858,MH-001,0,0.010434254,0,TN
MH-001_21.174324_78.925127,MH-001,0,0.008121463,0,TN
MH-001_21.174324_78.925397,MH-001,0,0.00803027,0,TN
MH-001_21.174324_78.925666,MH-001,0,0.008719859,0,TN
MH-001_21.174324_78.925936,MH-001,0,0.02411795,0,TN
MH-001_21.174324_78.926205,MH-001,0,0.039495252,0,TN
MH-001_21.174324_78.926475,MH-001,0,0.23475504,1,FP
MH-001_21.174055_78.917312,MH-001,1,0.009036901,0,FN
MH-001_21.174055_78.917851,MH-001,0,0.0072123786,0,TN
MH-001_21.174055_78.918121,MH-001,0,0.011788698,0,TN
MH-001_21.174055_78.91839,MH-001,0,0.027812473,0,TN
MH-001_21.174055_78.919738,MH-001,0,0.028030772,0,TN
MH-001_21.174055_78.920007,MH-001,0,0.021986978,0,TN
MH-001_21.174055_78.920277,MH-001,0,0.014145768,0,TN
MH-001_21.174055_78.920546,MH-001,0,0.011610558,0,TN
MH-001_21.174055_78.920816,MH-001,0,0.011715702,0,TN
MH-001_21.174055_78.921085,MH-001,0,0.008228584,0,TN
MH-001_21.174055_78.921355,MH-001,0,0.006325987,0,TN
MH-001_21.174055_78.921624,MH-001,0,0.0036610551,0,TN
MH-001_21.174055_78.921894,MH-001,0,0.0038401154,0,TN
MH-001_21.174055_78.922163,MH-001,0,0.0069827815,0,TN
MH-001_21.174055_78.922433,MH-001,0,0.011589307,0,TN
MH-001_21.174055_78.922702,MH-001,0,0.025435794,0,TN
MH-001_21.174055_78.922972,MH-001,0,0.038986377,0,TN
MH-001_21.174055_78.924049,MH-001,0,0.042746525,0,TN
MH-001_21.174055_78.924319,MH-001,0,0.02201152,0,TN
MH-001_21.174055_78.924588,MH-001,0,0.012720391,0,TN
MH-001_21.174055_78.924858,MH-001,0,0.012095194,0,TN
MH-001_21.174055_78.925127,MH-001,0,0.013520678,0,TN
MH-001_21.174055_78.925397,MH-001,0,0.016507069,0,TN
MH-001_21.174055_78.925666,MH-001,0,0.022901025,0,TN
MH-001_21.174055_78.925936,MH-001,0,0.03985096,0,TN
MH-001_21.174055_78.926205,MH-001,0,0.066640235,0,TN
MH-001_21.174055_78.926475,MH-001,0,0.3136064,1,FP
MH-001_21.173785_78.917582,MH-001,0,0.010437637,0,TN
MH-001_21.173785_78.917851,MH-001,0,0.008012983,0,TN
MH-001_21.173785_78.918121,MH-001,0,0.013619445,0,TN
MH-001_21.173785_78.920546,MH-001,0,0.002478987,0,TN
MH-001_21.173785_78.921085,MH-001,0,0.001291813,0,TN
MH-001_21.173785_78.921355,MH-001,0,0.0017692146,0,TN
MH-001_21.173785_78.921624,MH-001,0,0.001589107,0,TN
MH-001_21.173785_78.921894,MH-001,0,0.0025046482,0,TN
MH-001_21.173785_78.922163,MH-001,0,0.006125173,0,TN
MH-001_21.173785_78.922433,MH-001,0,0.016824843,0,TN
MH-001_21.173785_78.922702,MH-001,0,0.039388955,0,TN
MH-001_21.173785_78.922972,MH-001,0,0.07050973,0,TN
MH-001_21.173785_78.923241,MH-001,0,0.14320002,1,FP
MH-001_21.173785_78.92351,MH-001,0,0.17018525,1,FP
MH-001_21.173785_78.92378,MH-001,0,0.13356446,1,FP
MH-001_21.173785_78.924049,MH-001,0,0.07836909,0,TN
MH-001_21.173785_78.924319,MH-001,0,0.0414678,0,TN
MH-001_21.173785_78.924588,MH-001,0,0.012749623,0,TN
MH-001_21.173785_78.924858,MH-001,1,0.014210984,0,FN
MH-001_21.173785_78.925127,MH-001,0,0.011024649,0,TN
MH-001_21.173785_78.925397,MH-001,0,0.017816542,0,TN
MH-001_21.173785_78.925666,MH-001,0,0.01735107,0,TN
MH-001_21.173785_78.925936,MH-001,0,0.021174448,0,TN
MH-001_21.173785_78.926205,MH-001,0,0.0470667,0,TN
MH-001_21.173785_78.926475,MH-001,0,0.253506,1,FP
MH-002_19.609639_80.376356,MH-002,0,0.027193446,0,TN
MH-002_19.609369_80.376625,MH-002,0,0.0341738,0,TN
MH-002_19.6091_80.376356,MH-002,0,0.10130663,1,FP
MH-002_19.6091_80.376895,MH-002,0,0.014513111,0,TN
MH-002_19.60883_80.377164,MH-002,0,0.023728969,0,TN
MH-002_19.608561_80.377164,MH-002,0,0.04321693,0,TN
MH-002_19.608561_80.377434,MH-002,0,0.047396295,0,TN
MH-002_19.608291_80.376356,MH-002,0,0.1591322,1,FP
MH-002_19.608291_80.376625,MH-002,0,0.15209779,1,FP
MH-002_19.608291_80.376895,MH-002,0,0.12552184,1,FP
MH-002_19.608291_80.377164,MH-002,0,0.09835155,0,TN
MH-002_19.608291_80.377434,MH-002,0,0.10934407,1,FP
MH-002_19.608291_80.377703,MH-002,0,0.114273384,1,FP
MH-002_19.608022_80.376356,MH-002,0,0.12921688,1,FP
MH-002_19.608022_80.376625,MH-002,0,0.12939775,1,FP
MH-002_19.608022_80.376895,MH-002,0,0.10673802,1,FP
MH-002_19.608022_80.377164,MH-002,0,0.14765647,1,FP
MH-002_19.608022_80.377434,MH-002,0,0.24004075,1,FP
MH-002_19.608022_80.377703,MH-002,0,0.28347877,1,FP
MH-002_19.608022_80.377973,MH-002,0,0.30086446,1,FP
MH-002_19.607752_80.376356,MH-002,0,0.08605662,0,TN
MH-002_19.607752_80.376625,MH-002,0,0.11813507,1,FP
MH-002_19.607752_80.376895,MH-002,0,0.10640897,1,FP
MH-002_19.607752_80.377164,MH-002,0,0.20733564,1,FP
MH-002_19.607752_80.377434,MH-002,0,0.57139236,1,FP
MH-002_19.607752_80.377703,MH-002,0,0.70980567,1,FP
MH-002_19.607752_80.377973,MH-002,0,0.737982,1,FP
MH-002_19.607752_80.378242,MH-002,0,0.61937016,1,FP
MH-002_19.607483_80.376356,MH-002,0,0.050205152,0,TN
MH-002_19.607483_80.376625,MH-002,0,0.08353246,0,TN
MH-002_19.607483_80.376895,MH-002,0,0.075769305,0,TN
MH-002_19.607483_80.377164,MH-002,0,0.2758625,1,FP
MH-002_19.607483_80.377434,MH-002,0,0.6673485,1,FP
MH-002_19.607483_80.377703,MH-002,0,0.80868435,1,FP
MH-002_19.607483_80.377973,MH-002,0,0.82134664,1,FP
MH-002_19.607483_80.378242,MH-002,0,0.8064167,1,FP
MH-002_19.607483_80.378512,MH-002,0,0.7441076,1,FP
MH-002_19.607483_80.378781,MH-002,0,0.41678217,1,FP
MH-002_19.607213_80.376356,MH-002,1,0.07284623,0,FN
MH-002_19.607213_80.376625,MH-002,0,0.1069388,1,FP
MH-002_19.607213_80.376895,MH-002,0,0.11777598,1,FP
MH-002_19.607213_80.377164,MH-002,0,0.312241,1,FP
MH-002_19.607213_80.377434,MH-002,0,0.7037823,1,FP
MH-002_19.607213_80.377703,MH-002,0,0.79388154,1,FP
MH-002_19.607213_80.377973,MH-002,0,0.8320712,1,FP
MH-002_19.607213_80.378242,MH-002,0,0.8066232,1,FP
MH-002_19.607213_80.378512,MH-002,0,0.7646521,1,FP
MH-002_19.607213_80.378781,MH-002,0,0.54891694,1,FP
MH-002_19.607213_80.379051,MH-002,0,0.21974981,1,FP
MH-002_19.607213_80.37932,MH-002,0,0.12124596,1,FP
MH-002_19.606944_80.376356,MH-002,0,0.11816864,1,FP
MH-002_19.606944_80.376625,MH-002,1,0.18772325,1,TP
MH-002_19.606944_80.376895,MH-002,1,0.18514006,1,TP
MH-002_19.606944_80.377164,MH-002,0,0.39842182,1,FP
MH-002_19.606944_80.377434,MH-002,0,0.6812636,1,FP
MH-002_19.606944_80.377703,MH-002,0,0.80438864,1,FP
MH-002_19.606944_80.377973,MH-002,0,0.81559426,1,FP
MH-002_19.606944_80.378242,MH-002,0,0.7971154,1,FP
MH-002_19.606944_80.378512,MH-002,0,0.7505185,1,FP
MH-002_19.606944_80.378781,MH-002,0,0.6316849,1,FP
MH-002_19.606944_80.379051,MH-002,0,0.37951088,1,FP
MH-002_19.606944_80.37932,MH-002,0,0.13084038,1,FP
MH-002_19.606944_80.37959,MH-002,0,0.0956322,0,TN
MH-002_19.606944_80.379859,MH-002,0,0.05187962,0,TN
MH-002_19.606674_80.376356,MH-002,0,0.134704,1,FP
MH-002_19.606674_80.376625,MH-002,1,0.23016603,1,TP
MH-002_19.606674_80.376895,MH-002,1,0.29520953,1,TP
MH-002_19.606674_80.377164,MH-002,0,0.49653575,1,FP
MH-002_19.606674_80.377434,MH-002,0,0.6649264,1,FP
MH-002_19.606674_80.377703,MH-002,0,0.78015435,1,FP
MH-002_19.606674_80.377973,MH-002,0,0.78784364,1,FP
MH-002_19.606674_80.378242,MH-002,0,0.7566307,1,FP
MH-002_19.606674_80.378512,MH-002,0,0.73046494,1,FP
MH-002_19.606674_80.378781,MH-002,0,0.6081352,1,FP
MH-002_19.606674_80.379051,MH-002,0,0.38414574,1,FP
MH-002_19.606674_80.37932,MH-002,0,0.23649512,1,FP
MH-002_19.606674_80.37959,MH-002,0,0.18490306,1,FP
MH-002_19.606674_80.379859,MH-002,0,0.11018347,1,FP
MH-002_19.606674_80.380129,MH-002,0,0.06708219,0,TN
MH-002_19.606405_80.376356,MH-002,1,0.0908948,0,FN
MH-002_19.606405_80.376625,MH-002,1,0.24260524,1,TP
MH-002_19.606405_80.376895,MH-002,1,0.39193007,1,TP
MH-002_19.606405_80.377164,MH-002,0,0.50840133,1,FP
MH-002_19.606405_80.377434,MH-002,0,0.63191485,1,FP
MH-002_19.606405_80.377703,MH-002,0,0.68501693,1,FP
MH-002_19.606405_80.377973,MH-002,0,0.6930293,1,FP
MH-002_19.606405_80.378242,MH-002,0,0.64018303,1,FP
MH-002_19.606405_80.378512,MH-002,0,0.5879628,1,FP
MH-002_19.606405_80.378781,MH-002,0,0.60680676,1,FP
MH-002_19.606405_80.379051,MH-002,0,0.44476247,1,FP
MH-002_19.606405_80.37932,MH-002,0,0.3370522,1,FP
MH-002_19.606405_80.37959,MH-002,0,0.31147516,1,FP
MH-002_19.606405_80.379859,MH-002,0,0.18981162,1,FP
MH-002_19.606405_80.380129,MH-002,0,0.109242186,1,FP
MH-002_19.606135_80.376356,MH-002,1,0.12513559,1,TP
MH-002_19.606135_80.376625,MH-002,1,0.33098203,1,TP
MH-002_19.606135_80.376895,MH-002,1,0.49373552,1,TP
MH-002_19.606135_80.377164,MH-002,1,0.65151596,1,TP
MH-002_19.606135_80.377434,MH-002,0,0.7039017,1,FP
MH-002_19.606135_80.377703,MH-002,0,0.6817469,1,FP
MH-002_19.606135_80.377973,MH-002,0,0.6744802,1,FP
MH-002_19.606135_80.378242,MH-002,0,0.5411507,1,FP
MH-002_19.606135_80.378512,MH-002,0,0.5481337,1,FP
MH-002_19.606135_80.378781,MH-002,0,0.5331325,1,FP
MH-002_19.606135_80.379051,MH-002,0,0.39794534,1,FP
MH-002_19.606135_80.37932,MH-002,0,0.34110242,1,FP
MH-002_19.606135_80.37959,MH-002,0,0.3289486,1,FP
MH-002_19.606135_80.379859,MH-002,0,0.20576218,1,FP
MH-002_19.606135_80.380129,MH-002,0,0.114314996,1,FP
MH-002_19.605866_80.376356,MH-002,1,0.14373477,1,TP
MH-002_19.605866_80.376625,MH-002,1,0.41521662,1,TP
MH-002_19.605866_80.376895,MH-002,0,0.5821216,1,FP
MH-002_19.605866_80.377164,MH-002,0,0.718968,1,FP
MH-002_19.605866_80.377434,MH-002,0,0.7059014,1,FP
MH-002_19.605866_80.377703,MH-002,0,0.6967934,1,FP
MH-002_19.605866_80.377973,MH-002,0,0.5884078,1,FP
MH-002_19.605866_80.378242,MH-002,0,0.6200659,1,FP
MH-002_19.605866_80.378512,MH-002,0,0.46545237,1,FP
MH-002_19.605866_80.378781,MH-002,0,0.53024393,1,FP
MH-002_19.605866_80.379051,MH-002,0,0.38097364,1,FP
MH-002_19.605866_80.37932,MH-002,0,0.2990428,1,FP
MH-002_19.605866_80.37959,MH-002,0,0.23635341,1,FP
MH-002_19.605866_80.379859,MH-002,0,0.16148686,1,FP
MH-002_19.605866_80.380129,MH-002,0,0.10466116,1,FP
MH-002_19.605596_80.376356,MH-002,1,0.14132217,1,TP
MH-002_19.605596_80.376625,MH-002,0,0.3430808,1,FP
MH-002_19.605596_80.376895,MH-002,0,0.54759157,1,FP
MH-002_19.605596_80.377164,MH-002,0,0.64987653,1,FP
MH-002_19.605596_80.377434,MH-002,0,0.71290106,1,FP
MH-002_19.605596_80.377703,MH-002,0,0.5989166,1,FP
MH-002_19.605596_80.377973,MH-002,0,0.6436298,1,FP
MH-002_19.605596_80.378242,MH-002,0,0.55659294,1,FP
MH-002_19.605596_80.378512,MH-002,0,0.5590161,1,FP
MH-002_19.605596_80.378781,MH-002,0,0.5033733,1,FP
MH-002_19.605596_80.379051,MH-002,0,0.38063136,1,FP
MH-002_19.605596_80.37932,MH-002,0,0.3781632,1,FP
MH-002_19.605596_80.37959,MH-002,0,0.24584936,1,FP
MH-002_19.605596_80.379859,MH-002,0,0.1638142,1,FP
MH-002_19.605596_80.380129,MH-002,0,0.08826912,0,TN
MH-002_19.605327_80.376356,MH-002,1,0.05353054,0,FN
MH-002_19.605327_80.376625,MH-002,1,0.11804,1,TP
MH-002_19.605327_80.376895,MH-002,0,0.25573522,1,FP
MH-002_19.605327_80.377164,MH-002,1,0.3852462,1,TP
MH-002_19.605327_80.377434,MH-002,0,0.40251815,1,FP
MH-002_19.605327_80.377703,MH-002,0,0.46244198,1,FP
MH-002_19.605327_80.377973,MH-002,0,0.5146831,1,FP
MH-002_19.605327_80.378242,MH-002,0,0.5451026,1,FP
MH-002_19.605327_80.378512,MH-002,0,0.45611024,1,FP
MH-002_19.605327_80.378781,MH-002,0,0.39070976,1,FP
MH-002_19.605327_80.379051,MH-002,0,0.2450977,1,FP
MH-002_19.605327_80.37932,MH-002,0,0.26424062,1,FP
MH-002_19.605327_80.37959,MH-002,0,0.20852883,1,FP
MH-002_19.605327_80.379859,MH-002,0,0.20178264,1,FP
MH-002_19.605327_80.380129,MH-002,0,0.14125372,1,FP
MH-002_19.605327_80.380398,MH-002,0,0.13515931,1,FP
MH-002_19.605057_80.376356,MH-002,0,0.036715016,0,TN
MH-002_19.605057_80.376625,MH-002,0,0.05282756,0,TN
MH-002_19.605057_80.376895,MH-002,0,0.17523225,1,FP
MH-002_19.605057_80.377164,MH-002,0,0.218565,1,FP
MH-002_19.605057_80.377434,MH-002,0,0.30729935,1,FP
MH-002_19.605057_80.377703,MH-002,0,0.34243158,1,FP
MH-002_19.605057_80.377973,MH-002,0,0.42848796,1,FP
MH-002_19.605057_80.378242,MH-002,0,0.4241488,1,FP
MH-002_19.605057_80.378512,MH-002,0,0.4579119,1,FP
MH-002_19.605057_80.378781,MH-002,0,0.278478,1,FP
MH-002_19.605057_80.379051,MH-002,0,0.2797967,1,FP
MH-002_19.605057_80.37932,MH-002,0,0.25243333,1,FP
MH-002_19.605057_80.37959,MH-002,0,0.31200182,1,FP
MH-002_19.605057_80.379859,MH-002,0,0.32415286,1,FP
MH-002_19.605057_80.380129,MH-002,0,0.18700345,1,FP
MH-002_19.605057_80.380398,MH-002,0,0.20405547,1,FP
MH-002_19.604788_80.376356,MH-002,0,0.024758628,0,TN
MH-002_19.604788_80.376625,MH-002,0,0.024480525,0,TN
MH-002_19.604788_80.376895,MH-002,1,0.05039646,0,FN
MH-002_19.604788_80.377164,MH-002,0,0.07161756,0,TN
MH-002_19.604788_80.377434,MH-002,0,0.13179497,1,FP
MH-002_19.604788_80.377703,MH-002,0,0.24392872,1,FP
MH-002_19.604788_80.378781,MH-002,0,0.2794148,1,FP
MH-002_19.604788_80.379051,MH-002,0,0.29218248,1,FP
MH-002_19.604788_80.37932,MH-002,0,0.296412,1,FP
MH-002_19.604788_80.37959,MH-002,0,0.2741012,1,FP
MH-002_19.604788_80.379859,MH-002,0,0.30088574,1,FP
MH-002_19.604788_80.380129,MH-002,0,0.19552827,1,FP
MH-002_19.604788_80.380398,MH-002,0,0.22896932,1,FP
MH-002_19.604518_80.376356,MH-002,0,0.017332803,0,TN
MH-002_19.604518_80.376625,MH-002,1,0.0232899,0,FN
MH-002_19.604518_80.376895,MH-002,0,0.018259555,0,TN
MH-002_19.604518_80.377164,MH-002,0,0.036932852,0,TN
MH-002_19.604518_80.377434,MH-002,0,0.05959483,0,TN
MH-002_19.604518_80.378242,MH-002,0,0.21395628,1,FP
MH-002_19.604518_80.379051,MH-002,0,0.35114145,1,FP
MH-002_19.604518_80.37932,MH-002,0,0.33638746,1,FP
MH-002_19.604518_80.37959,MH-002,0,0.39341208,1,FP
MH-002_19.604518_80.379859,MH-002,0,0.39399326,1,FP
MH-002_19.604518_80.380129,MH-002,0,0.20888235,1,FP
MH-002_19.604518_80.380398,MH-002,0,0.21177056,1,FP
MH-002_19.604249_80.376356,MH-002,0,0.023636784,0,TN
MH-002_19.604249_80.376625,MH-002,1,0.012900699,0,FN
MH-002_19.604249_80.377164,MH-002,0,0.024864512,0,TN
MH-002_19.604249_80.377973,MH-002,0,0.09968738,0,TN
MH-002_19.604249_80.378242,MH-002,0,0.24222578,1,FP
MH-002_19.604249_80.378512,MH-002,0,0.44973338,1,FP
MH-002_19.604249_80.379051,MH-002,0,0.58988214,1,FP
MH-002_19.604249_80.37932,MH-002,0,0.4919379,1,FP
MH-002_19.604249_80.37959,MH-002,0,0.508828,1,FP
MH-002_19.604249_80.379859,MH-002,0,0.506885,1,FP
MH-002_19.604249_80.380129,MH-002,0,0.32905188,1,FP
MH-002_19.604249_80.380398,MH-002,0,0.34024972,1,FP
MH-002_19.603979_80.376356,MH-002,0,0.012354059,0,TN
MH-002_19.603979_80.376625,MH-002,0,0.013798511,0,TN
MH-002_19.603979_80.376895,MH-002,0,0.014041179,0,TN
MH-002_19.603979_80.377164,MH-002,0,0.01961418,0,TN
MH-002_19.603979_80.378242,MH-002,0,0.14454977,1,FP
MH-002_19.603979_80.379051,MH-002,0,0.5875177,1,FP
MH-002_19.603979_80.37932,MH-002,0,0.5793205,1,FP
MH-002_19.603979_80.37959,MH-002,0,0.53720516,1,FP
MH-002_19.603979_80.379859,MH-002,0,0.5213234,1,FP
MH-002_19.603979_80.380129,MH-002,0,0.39398223,1,FP
MH-002_19.603979_80.380398,MH-002,0,0.38164234,1,FP
MH-002_19.60371_80.376356,MH-002,0,0.01130486,0,TN
MH-002_19.60371_80.376625,MH-002,0,0.014750115,0,TN
MH-002_19.60371_80.376895,MH-002,1,0.013399511,0,FN
MH-002_19.60371_80.377164,MH-002,0,0.014851157,0,TN
MH-002_19.60371_80.377973,MH-002,0,0.075254366,0,TN
MH-002_19.60371_80.379051,MH-002,0,0.7609876,1,FP
MH-002_19.60371_80.37932,MH-002,0,0.71250623,1,FP
MH-002_19.60371_80.37959,MH-002,0,0.7330339,1,FP
MH-002_19.60371_80.379859,MH-002,0,0.6586399,1,FP
MH-002_19.60371_80.380129,MH-002,0,0.54424536,1,FP
MH-002_19.60371_80.380398,MH-002,0,0.53616726,1,FP
MH-002_19.60344_80.376356,MH-002,0,0.012770094,0,TN
MH-002_19.60344_80.376625,MH-002,0,0.016522078,0,TN
MH-002_19.60344_80.376895,MH-002,0,0.021826103,0,TN
MH-002_19.60344_80.377164,MH-002,1,0.023305418,0,FN
MH-002_19.60344_80.378242,MH-002,0,0.45236647,1,FP
MH-002_19.60344_80.378512,MH-002,0,0.7369364,1,FP
MH-002_19.60344_80.379051,MH-002,0,0.8163771,1,FP
MH-002_19.60344_80.37932,MH-002,0,0.7576537,1,FP
MH-002_19.60344_80.37959,MH-002,0,0.78477526,1,FP
MH-002_19.60344_80.379859,MH-002,0,0.70422834,1,FP
MH-002_19.60344_80.380129,MH-002,0,0.62910235,1,FP
MH-002_19.60344_80.380398,MH-002,0,0.6386965,1,FP
MH-002_19.603171_80.376356,MH-002,0,0.020682605,0,TN
MH-002_19.603171_80.376625,MH-002,0,0.026240572,0,TN
MH-002_19.603171_80.376895,MH-002,0,0.047027003,0,TN
MH-002_19.603171_80.377164,MH-002,1,0.03562813,0,FN
MH-002_19.603171_80.378242,MH-002,0,0.35599193,1,FP
MH-002_19.603171_80.378512,MH-002,0,0.63227016,1,FP
MH-002_19.603171_80.37932,MH-002,0,0.73183054,1,FP
MH-002_19.603171_80.37959,MH-002,0,0.7432005,1,FP
MH-002_19.603171_80.379859,MH-002,0,0.7029818,1,FP
MH-002_19.603171_80.380129,MH-002,0,0.69235116,1,FP
MH-002_19.603171_80.380398,MH-002,0,0.7448987,1,FP
MH-002_19.602901_80.376625,MH-002,0,0.052244477,0,TN
MH-002_19.602901_80.376895,MH-002,0,0.07234587,0,TN
MH-002_19.602901_80.377164,MH-002,0,0.04685978,0,TN
MH-002_19.602901_80.379051,MH-002,0,0.70572835,1,FP
MH-002_19.602901_80.37932,MH-002,0,0.72633344,1,FP
MH-002_19.602901_80.380129,MH-002,0,0.72420573,1,FP
MH-002_19.602901_80.380398,MH-002,0,0.7683162,1,FP
MH-002_19.602632_80.376356,MH-002,0,0.088080175,0,TN
MH-002_19.602632_80.376895,MH-002,0,0.08979061,0,TN
MH-002_19.602632_80.377434,MH-002,0,0.043065295,0,TN
MH-002_19.602632_80.377703,MH-002,0,0.056229092,0,TN
MH-002_19.602632_80.377973,MH-002,1,0.055963285,0,FN
MH-002_19.602632_80.378781,MH-002,0,0.36324203,1,FP
MH-002_19.602632_80.379051,MH-002,0,0.39130285,1,FP
MH-002_19.602632_80.37932,MH-002,0,0.5386407,1,FP
MH-002_19.602632_80.37959,MH-002,0,0.561724,1,FP
MH-002_19.602632_80.379859,MH-002,0,0.6457944,1,FP
MH-002_19.602632_80.380398,MH-002,0,0.7788656,1,FP
MH-002_19.602362_80.376356,MH-002,0,0.02790675,0,TN
MH-002_19.602362_80.376625,MH-002,0,0.022456514,0,TN
MH-002_19.602362_80.376895,MH-002,0,0.027040314,0,TN
MH-002_19.602362_80.377164,MH-002,0,0.01743835,0,TN
MH-002_19.602362_80.377434,MH-002,0,0.0114822285,0,TN
MH-002_19.602362_80.377703,MH-002,0,0.016181026,0,TN
MH-002_19.602362_80.377973,MH-002,0,0.010377414,0,TN
MH-002_19.602362_80.379051,MH-002,0,0.1297,1,FP
MH-002_19.602362_80.37932,MH-002,0,0.3669845,1,FP
MH-002_19.602362_80.37959,MH-002,0,0.31058335,1,FP
MH-002_19.602362_80.379859,MH-002,0,0.52187365,1,FP
MH-002_19.602093_80.376356,MH-002,0,0.049875837,0,TN
MH-002_19.602093_80.376625,MH-002,0,0.042838432,0,TN
MH-002_19.602093_80.376895,MH-002,0,0.04188116,0,TN
MH-002_19.602093_80.37932,MH-002,0,0.04799126,0,TN
MH-002_19.602093_80.37959,MH-002,0,0.1022002,1,FP
MH-002_19.602093_80.379859,MH-002,0,0.24112402,1,FP
MH-002_19.602093_80.380129,MH-002,0,0.5081323,1,FP
MH-002_19.601823_80.378781,MH-002,0,0.027730355,0,TN
MH-002_19.601823_80.379051,MH-002,0,0.038483877,0,TN
MH-002_19.601823_80.37932,MH-002,0,0.047403272,0,TN
MH-002_19.601823_80.37959,MH-002,0,0.07780934,0,TN
MH-002_19.601823_80.379859,MH-002,0,0.16024463,1,FP
MH-002_19.601554_80.379051,MH-002,0,0.06539149,0,TN
MH-002_19.601554_80.37932,MH-002,0,0.08272887,0,TN
MH-002_19.601554_80.37959,MH-002,0,0.14872742,1,FP
MH-002_19.601554_80.379859,MH-002,0,0.14251095,1,FP
MH-002_19.601554_80.380398,MH-002,0,0.17157418,1,FP
MH-002_19.601284_80.376356,MH-002,0,0.015103878,0,TN
MH-002_19.601284_80.377434,MH-002,0,0.019733269,0,TN
MH-002_19.601284_80.377703,MH-002,0,0.03459534,0,TN
MH-002_19.601284_80.377973,MH-002,0,0.043347236,0,TN
MH-002_19.601284_80.378242,MH-002,1,0.06570006,0,FN
MH-002_19.601284_80.37932,MH-002,0,0.059623636,0,TN
MH-002_19.601284_80.380129,MH-002,0,0.13278586,1,FP
MH-002_19.601284_80.380398,MH-002,0,0.09297512,0,TN
MH-002_19.601015_80.376356,MH-002,0,0.009754972,0,TN
MH-002_19.601015_80.376625,MH-002,0,0.012803477,0,TN
MH-002_19.601015_80.376895,MH-002,0,0.011757437,0,TN
MH-002_19.601015_80.377434,MH-002,0,0.019657085,0,TN
MH-002_19.601015_80.377703,MH-002,0,0.049592756,0,TN
MH-002_19.601015_80.377973,MH-002,0,0.054926448,0,TN
MH-002_19.601015_80.378242,MH-002,0,0.07322801,0,TN
MH-002_19.601015_80.378512,MH-002,0,0.10259234,1,FP
MH-002_19.601015_80.378781,MH-002,0,0.09198653,0,TN
MH-002_19.601015_80.37959,MH-002,0,0.2747639,1,FP
MH-002_19.601015_80.379859,MH-002,0,0.17388533,1,FP
MH-002_19.601015_80.380129,MH-002,0,0.1480382,1,FP
MH-002_19.601015_80.380398,MH-002,0,0.07909193,0,TN
MH-002_19.600745_80.376356,MH-002,0,0.036289874,0,TN
MH-002_19.600745_80.376625,MH-002,0,0.042681634,0,TN
MH-002_19.600745_80.376895,MH-002,0,0.06770551,0,TN
MH-002_19.600745_80.377164,MH-002,0,0.07812458,0,TN
MH-002_19.600745_80.377434,MH-002,0,0.07442068,0,TN
MH-002_19.600745_80.377703,MH-002,0,0.08343736,0,TN
MH-002_19.600745_80.377973,MH-002,0,0.10205307,1,FP
MH-002_19.600745_80.378242,MH-002,0,0.14598179,1,FP
MH-002_19.600745_80.378512,MH-002,0,0.1585854,1,FP
MH-002_19.600745_80.378781,MH-002,0,0.15333568,1,FP
MH-002_19.600745_80.379051,MH-002,1,0.19411434,1,TP
MH-002_19.600745_80.37959,MH-002,0,0.3084407,1,FP
MH-002_19.600745_80.379859,MH-002,0,0.21572465,1,FP
MH-002_19.600745_80.380129,MH-002,0,0.12738322,1,FP
MH-002_19.600745_80.380398,MH-002,0,0.077519074,0,TN
MH-002_19.600476_80.376356,MH-002,0,0.06724927,0,TN
MH-002_19.600476_80.376625,MH-002,0,0.06490017,0,TN
MH-002_19.600476_80.376895,MH-002,0,0.035889637,0,TN
MH-002_19.600476_80.377164,MH-002,0,0.043846577,0,TN
MH-002_19.600476_80.377434,MH-002,0,0.02993672,0,TN
MH-002_19.600476_80.377703,MH-002,0,0.032126963,0,TN
MH-002_19.600476_80.377973,MH-002,1,0.031851437,0,FN
MH-002_19.600476_80.378242,MH-002,0,0.049228977,0,TN
MH-002_19.600476_80.378512,MH-002,0,0.0574874,0,TN
MH-002_19.600476_80.378781,MH-002,0,0.10515464,1,FP
MH-002_19.600476_80.379051,MH-002,0,0.27908775,1,FP
MH-002_19.600476_80.37932,MH-002,0,0.40453112,1,FP
MH-002_19.600476_80.37959,MH-002,0,0.49062303,1,FP
MH-002_19.600476_80.379859,MH-002,0,0.2910562,1,FP
MH-002_19.600476_80.380129,MH-002,0,0.2670532,1,FP
MH-002_19.600476_80.380398,MH-002,0,0.12887391,1,FP
MH-002_19.600206_80.376356,MH-002,0,0.27941635,1,FP
MH-002_19.600206_80.376625,MH-002,0,0.13205259,1,FP
MH-002_19.600206_80.376895,MH-002,0,0.08713389,0,TN
MH-002_19.600206_80.377164,MH-002,0,0.056349713,0,TN
MH-002_19.600206_80.377434,MH-002,1,0.042916432,0,FN
MH-002_19.600206_80.377703,MH-002,0,0.030064601,0,TN
MH-002_19.600206_80.377973,MH-002,0,0.023695167,0,TN
MH-002_19.600206_80.378242,MH-002,0,0.035987467,0,TN
MH-002_19.600206_80.378512,MH-002,0,0.05956704,0,TN
MH-002_19.600206_80.378781,MH-002,0,0.07077252,0,TN
MH-002_19.600206_80.379051,MH-002,0,0.24506748,1,FP
MH-002_19.600206_80.37932,MH-002,0,0.5080925,1,FP
MH-002_19.600206_80.37959,MH-002,0,0.511319,1,FP
MH-002_19.600206_80.379859,MH-002,0,0.3076758,1,FP
MH-002_19.600206_80.380129,MH-002,0,0.25415567,1,FP
MH-002_19.599937_80.376356,MH-002,0,0.71149755,1,FP
MH-002_19.599937_80.376625,MH-002,0,0.47494286,1,FP
MH-002_19.599937_80.376895,MH-002,0,0.18716791,1,FP
MH-002_19.599937_80.377164,MH-002,0,0.10228634,1,FP
MH-002_19.599937_80.377434,MH-002,0,0.04156453,0,TN
MH-002_19.599937_80.377703,MH-002,0,0.021465043,0,TN
MH-002_19.599937_80.377973,MH-002,0,0.0068298783,0,TN
MH-002_19.599937_80.378242,MH-002,0,0.009107756,0,TN
MH-002_19.599937_80.378512,MH-002,0,0.012737511,0,TN
MH-002_19.599937_80.378781,MH-002,0,0.04021759,0,TN
MH-002_19.599937_80.379051,MH-002,0,0.16543199,1,FP
MH-002_19.599937_80.37932,MH-002,0,0.39030913,1,FP
MH-002_19.599937_80.37959,MH-002,0,0.37810612,1,FP
MH-002_19.599937_80.379859,MH-002,0,0.3150561,1,FP
MH-002_19.599937_80.380129,MH-002,0,0.31084737,1,FP
MH-002_19.599667_80.376356,MH-002,0,0.7086921,1,FP
MH-002_19.599667_80.376625,MH-002,0,0.53295743,1,FP
MH-002_19.599667_80.376895,MH-002,0,0.33083522,1,FP
MH-002_19.599667_80.377164,MH-002,0,0.11624148,1,FP
MH-002_19.599667_80.377434,MH-002,0,0.06973819,0,TN
MH-002_19.599667_80.377703,MH-002,0,0.036430802,0,TN
MH-002_19.599667_80.377973,MH-002,0,0.011248177,0,TN
MH-002_19.599667_80.378242,MH-002,0,0.010236633,0,TN
MH-002_19.599667_80.378512,MH-002,0,0.023936827,0,TN
MH-002_19.599667_80.378781,MH-002,0,0.04124335,0,TN
MH-002_19.599667_80.379051,MH-002,0,0.16136685,1,FP
MH-002_19.599667_80.37932,MH-002,0,0.35165152,1,FP
MH-002_19.599667_80.37959,MH-002,0,0.31094518,1,FP
MH-002_19.599667_80.379859,MH-002,0,0.34340057,1,FP
MH-002_19.599667_80.380129,MH-002,0,0.332365,1,FP
MH-002_19.599398_80.376895,MH-002,0,0.46923885,1,FP
MH-002_19.599398_80.377164,MH-002,0,0.22665834,1,FP
MH-002_19.599398_80.377434,MH-002,0,0.095384456,0,TN
MH-002_19.599398_80.377703,MH-002,0,0.053356636,0,TN
MH-002_19.599398_80.377973,MH-002,0,0.017883068,0,TN
MH-002_19.599398_80.378242,MH-002,0,0.014612429,0,TN
MH-002_19.599398_80.378512,MH-002,0,0.017217334,0,TN
MH-002_19.599398_80.378781,MH-002,0,0.032531787,0,TN
MH-002_19.599398_80.379051,MH-002,0,0.06876626,0,TN
MH-002_19.599398_80.37932,MH-002,0,0.28839326,1,FP
MH-002_19.599398_80.37959,MH-002,0,0.3138836,1,FP
MH-002_19.599398_80.379859,MH-002,0,0.39587373,1,FP
MH-002_19.599398_80.380129,MH-002,0,0.39243025,1,FP
MH-002_19.599398_80.380398,MH-002,0,0.29413393,1,FP
MH-002_19.599128_80.377164,MH-002,0,0.46826345,1,FP
MH-002_19.599128_80.377434,MH-002,0,0.26607248,1,FP
MH-002_19.599128_80.377703,MH-002,0,0.14233772,1,FP
MH-002_19.599128_80.377973,MH-002,0,0.0697499,0,TN
MH-002_19.599128_80.378242,MH-002,0,0.049803644,0,TN
MH-002_19.599128_80.378512,MH-002,0,0.034877412,0,TN
MH-002_19.599128_80.378781,MH-002,0,0.050844736,0,TN
MH-002_19.599128_80.379051,MH-002,0,0.08662803,0,TN
MH-002_19.599128_80.37932,MH-002,0,0.20234846,1,FP
MH-002_19.599128_80.37959,MH-002,0,0.28797913,1,FP
MH-002_19.599128_80.379859,MH-002,0,0.45683873,1,FP
MH-002_19.599128_80.380129,MH-002,0,0.4341664,1,FP
MH-002_19.599128_80.380398,MH-002,0,0.3500202,1,FP
MH-002_19.598859_80.377164,MH-002,0,0.73543227,1,FP
MH-002_19.598859_80.377434,MH-002,0,0.7191824,1,FP
MH-002_19.598859_80.377703,MH-002,1,0.504133,1,TP
MH-002_19.598859_80.377973,MH-002,0,0.21727446,1,FP
MH-002_19.598859_80.378242,MH-002,0,0.12111023,1,FP
MH-002_19.598859_80.378512,MH-002,0,0.059814982,0,TN
MH-002_19.598859_80.378781,MH-002,0,0.08393282,0,TN
MH-002_19.598859_80.379051,MH-002,0,0.093919694,0,TN
MH-002_19.598859_80.37932,MH-002,0,0.23559059,1,FP
MH-002_19.598859_80.37959,MH-002,0,0.3265376,1,FP
MH-002_19.598859_80.379859,MH-002,0,0.5208469,1,FP
MH-002_19.598859_80.380129,MH-002,0,0.4141681,1,FP
MH-002_19.598859_80.380398,MH-002,0,0.34642276,1,FP
MH-002_19.598589_80.376356,MH-002,0,0.64856696,1,FP
MH-002_19.598589_80.376625,MH-002,0,0.6704116,1,FP
MH-002_19.598589_80.377434,MH-002,0,0.75595534,1,FP
MH-002_19.598589_80.377703,MH-002,1,0.7745498,1,TP
MH-002_19.598589_80.377973,MH-002,1,0.517564,1,TP
MH-002_19.598589_80.378242,MH-002,1,0.30999112,1,TP
MH-002_19.598589_80.378512,MH-002,0,0.1093572,1,FP
MH-002_19.598589_80.378781,MH-002,0,0.15861903,1,FP
MH-002_19.598589_80.379051,MH-002,0,0.14984454,1,FP
MH-002_19.598589_80.37932,MH-002,0,0.34559312,1,FP
MH-002_19.598589_80.37959,MH-002,0,0.4052889,1,FP
MH-002_19.598589_80.379859,MH-002,0,0.47606543,1,FP
MH-002_19.598589_80.380129,MH-002,0,0.4395035,1,FP
MH-002_19.598589_80.380398,MH-002,0,0.26305363,1,FP
MH-002_19.59832_80.376356,MH-002,0,0.51216763,1,FP
MH-002_19.59832_80.376625,MH-002,0,0.6528041,1,FP
MH-002_19.59832_80.376895,MH-002,0,0.7482425,1,FP
MH-002_19.59832_80.377164,MH-002,0,0.7226415,1,FP
MH-002_19.59832_80.377434,MH-002,0,0.79028016,1,FP
MH-002_19.59832_80.377703,MH-002,1,0.7131245,1,TP
MH-002_19.59832_80.377973,MH-002,1,0.64989245,1,TP
MH-002_19.59832_80.378242,MH-002,1,0.47582585,1,TP
MH-002_19.59832_80.378512,MH-002,0,0.25239077,1,FP
MH-002_19.59832_80.378781,MH-002,0,0.27050442,1,FP
MH-002_19.59832_80.379051,MH-002,0,0.29652503,1,FP
MH-002_19.59832_80.37932,MH-002,0,0.5260333,1,FP
MH-002_19.59832_80.37959,MH-002,0,0.46290556,1,FP
MH-002_19.59832_80.379859,MH-002,0,0.4820767,1,FP
MH-002_19.59832_80.380129,MH-002,0,0.37208927,1,FP
MH-002_19.59832_80.380398,MH-002,0,0.43159282,1,FP
MH-002_19.59805_80.376356,MH-002,0,0.464596,1,FP
MH-002_19.59805_80.376625,MH-002,0,0.56308436,1,FP
MH-002_19.59805_80.376895,MH-002,0,0.66482264,1,FP
MH-002_19.59805_80.377164,MH-002,1,0.69154394,1,TP
MH-002_19.59805_80.377434,MH-002,1,0.7537658,1,TP
MH-002_19.59805_80.377703,MH-002,1,0.71154094,1,TP
MH-002_19.59805_80.377973,MH-002,0,0.63256437,1,FP
MH-002_19.59805_80.378242,MH-002,0,0.5982631,1,FP
MH-002_19.59805_80.378512,MH-002,0,0.40238628,1,FP
MH-002_19.59805_80.378781,MH-002,0,0.41668016,1,FP
MH-002_19.59805_80.379051,MH-002,0,0.39142123,1,FP
MH-002_19.59805_80.37932,MH-002,0,0.5965989,1,FP
MH-002_19.59805_80.37959,MH-002,0,0.5317852,1,FP
MH-002_19.59805_80.379859,MH-002,0,0.50741655,1,FP
MH-002_19.59805_80.380129,MH-002,0,0.3834629,1,FP
MH-002_19.59805_80.380398,MH-002,0,0.46050233,1,FP
MH-002_19.597781_80.376356,MH-002,0,0.29634786,1,FP
MH-002_19.597781_80.376625,MH-002,0,0.40580353,1,FP
MH-002_19.597781_80.376895,MH-002,1,0.70188683,1,TP
MH-002_19.597781_80.377164,MH-002,1,0.6753906,1,TP
MH-002_19.597781_80.377434,MH-002,1,0.7374752,1,TP
MH-002_19.597781_80.377703,MH-002,0,0.6518045,1,FP
MH-002_19.597781_80.377973,MH-002,0,0.5906763,1,FP
MH-002_19.597781_80.378242,MH-002,0,0.550373,1,FP
MH-002_19.597781_80.378512,MH-002,1,0.4216183,1,TP
MH-002_19.597781_80.378781,MH-002,1,0.44899246,1,TP
MH-002_19.597781_80.379051,MH-002,1,0.47547406,1,TP
MH-002_19.597781_80.37932,MH-002,0,0.55804956,1,FP
MH-002_19.597781_80.37959,MH-002,0,0.44166905,1,FP
MH-002_19.597781_80.379859,MH-002,0,0.44456223,1,FP
MH-002_19.597781_80.380129,MH-002,0,0.45341238,1,FP
MH-002_19.597781_80.380398,MH-002,0,0.4492546,1,FP
MH-002_19.597511_80.376356,MH-002,0,0.3232541,1,FP
MH-002_19.597511_80.376625,MH-002,0,0.49194202,1,FP
MH-002_19.597511_80.376895,MH-002,0,0.76037174,1,FP
MH-002_19.597511_80.377164,MH-002,1,0.70170367,1,TP
MH-002_19.597511_80.377434,MH-002,0,0.75312126,1,FP
MH-002_19.597511_80.377703,MH-002,0,0.570357,1,FP
MH-002_19.597511_80.377973,MH-002,0,0.45803005,1,FP
MH-002_19.597511_80.378242,MH-002,0,0.43444157,1,FP
MH-002_19.597511_80.378512,MH-002,1,0.3330082,1,TP
MH-002_19.597511_80.378781,MH-002,1,0.28796968,1,TP
MH-002_19.597511_80.379051,MH-002,0,0.33945015,1,FP
MH-002_19.597511_80.37932,MH-002,0,0.33543134,1,FP
MH-002_19.597511_80.37959,MH-002,0,0.28351566,1,FP
MH-002_19.597511_80.379859,MH-002,0,0.23786719,1,FP
MH-002_19.597511_80.380129,MH-002,0,0.284716,1,FP
MH-002_19.597511_80.380398,MH-002,0,0.33809084,1,FP
MH-002_19.597242_80.376356,MH-002,0,0.33536714,1,FP
MH-002_19.597242_80.376625,MH-002,0,0.42061552,1,FP
MH-002_19.597242_80.376895,MH-002,0,0.7539675,1,FP
MH-002_19.597242_80.377164,MH-002,1,0.6585483,1,TP
MH-002_19.597242_80.377434,MH-002,1,0.6949556,1,TP
MH-002_19.597242_80.377703,MH-002,0,0.41426563,1,FP
MH-002_19.597242_80.377973,MH-002,0,0.33520085,1,FP
MH-002_19.597242_80.378242,MH-002,0,0.26793838,1,FP
MH-002_19.597242_80.378512,MH-002,0,0.19385499,1,FP
MH-002_19.597242_80.378781,MH-002,0,0.17681158,1,FP
MH-002_19.597242_80.379051,MH-002,0,0.19931813,1,FP
MH-002_19.597242_80.37932,MH-002,0,0.18675484,1,FP
MH-002_19.597242_80.37959,MH-002,0,0.14763992,1,FP
MH-002_19.597242_80.379859,MH-002,0,0.12970005,1,FP
MH-002_19.597242_80.380129,MH-002,0,0.21400878,1,FP
MH-002_19.597242_80.380398,MH-002,0,0.14897983,1,FP
MH-002_19.596973_80.376356,MH-002,0,0.17757683,1,FP
MH-002_19.596973_80.376625,MH-002,0,0.3946326,1,FP
MH-002_19.596973_80.376895,MH-002,0,0.60715526,1,FP
MH-002_19.596973_80.377164,MH-002,1,0.48428312,1,TP
MH-002_19.596973_80.377434,MH-002,1,0.55009884,1,TP
MH-002_19.596973_80.377703,MH-002,0,0.3012502,1,FP
MH-002_19.596973_80.377973,MH-002,0,0.2636598,1,FP
MH-002_19.596973_80.378242,MH-002,0,0.15813656,1,FP
MH-002_19.596973_80.378512,MH-002,0,0.15100574,1,FP
MH-002_19.596973_80.378781,MH-002,0,0.13405335,1,FP
MH-002_19.596973_80.379051,MH-002,0,0.15592737,1,FP
MH-002_19.596973_80.37932,MH-002,0,0.11610938,1,FP
MH-002_19.596973_80.37959,MH-002,0,0.08562612,0,TN
MH-002_19.596973_80.379859,MH-002,0,0.06360368,0,TN
MH-002_19.596973_80.380129,MH-002,0,0.08104882,0,TN
MH-002_19.596973_80.380398,MH-002,0,0.088056445,0,TN
MH-002_19.596703_80.376356,MH-002,0,0.14615446,1,FP
MH-002_19.596703_80.376625,MH-002,0,0.34593678,1,FP
MH-002_19.596703_80.376895,MH-002,0,0.4724332,1,FP
MH-002_19.596703_80.377164,MH-002,0,0.47626284,1,FP
MH-002_19.596703_80.377434,MH-002,1,0.5323887,1,TP
MH-002_19.596703_80.377703,MH-002,0,0.3367309,1,FP
MH-002_19.596703_80.377973,MH-002,0,0.29293007,1,FP
MH-002_19.596703_80.378242,MH-002,0,0.19629017,1,FP
MH-002_19.596703_80.378512,MH-002,0,0.15009125,1,FP
MH-002_19.596703_80.378781,MH-002,0,0.11890688,1,FP
MH-002_19.596703_80.379051,MH-002,0,0.1252933,1,FP
MH-002_19.596703_80.37932,MH-002,0,0.11112588,1,FP
MH-002_19.596703_80.37959,MH-002,0,0.07635135,0,TN
MH-002_19.596703_80.379859,MH-002,0,0.046175405,0,TN
MH-002_19.596703_80.380129,MH-002,0,0.053407487,0,TN
MH-002_19.596703_80.380398,MH-002,0,0.047057673,0,TN
MH-002_19.596434_80.376356,MH-002,1,0.12656389,1,TP
MH-002_19.596434_80.376625,MH-002,1,0.25542676,1,TP
MH-002_19.596434_80.376895,MH-002,1,0.5117749,1,TP
MH-002_19.596434_80.377164,MH-002,0,0.4796923,1,FP
MH-002_19.596434_80.377434,MH-002,0,0.5204921,1,FP
MH-002_19.596434_80.377703,MH-002,0,0.48406956,1,FP
MH-002_19.596434_80.377973,MH-002,0,0.42599043,1,FP
MH-002_19.596434_80.378242,MH-002,0,0.3252386,1,FP
MH-002_19.596434_80.378512,MH-002,0,0.23693907,1,FP
MH-002_19.596434_80.378781,MH-002,0,0.17174621,1,FP
MH-002_19.596434_80.379051,MH-002,0,0.15332888,1,FP
MH-002_19.596434_80.37932,MH-002,0,0.102759436,1,FP
MH-002_19.596434_80.37959,MH-002,0,0.08580964,0,TN
MH-002_19.596434_80.379859,MH-002,0,0.04827769,0,TN
MH-002_19.596434_80.380129,MH-002,0,0.04338623,0,TN
MH-002_19.596434_80.380398,MH-002,0,0.050283786,0,TN
MH-002_19.596164_80.376356,MH-002,1,0.10031503,1,TP
MH-002_19.596164_80.376625,MH-002,1,0.30330405,1,TP
MH-002_19.596164_80.376895,MH-002,0,0.5503169,1,FP
MH-002_19.596164_80.377164,MH-002,0,0.47736135,1,FP
MH-002_19.596164_80.377434,MH-002,1,0.57277155,1,TP
MH-002_19.596164_80.377703,MH-002,1,0.51076806,1,TP
MH-002_19.596164_80.377973,MH-002,0,0.4655706,1,FP
MH-002_19.596164_80.378242,MH-002,0,0.40291083,1,FP
MH-002_19.596164_80.378512,MH-002,0,0.37399808,1,FP
MH-002_19.596164_80.378781,MH-002,0,0.27946398,1,FP
MH-002_19.596164_80.379051,MH-002,0,0.17506456,1,FP
MH-002_19.596164_80.37932,MH-002,0,0.13148259,1,FP
MH-002_19.596164_80.37959,MH-002,0,0.10011709,1,FP
MH-002_19.596164_80.379859,MH-002,0,0.07325452,0,TN
MH-002_19.596164_80.380129,MH-002,0,0.063418016,0,TN
MH-002_19.596164_80.380398,MH-002,0,0.068931915,0,TN
MH-003_18.914882_73.502896,MH-003,0,0.022536438,0,TN
MH-003_18.914882_73.503166,MH-003,0,0.027651688,0,TN
MH-003_18.914612_73.498046,MH-003,0,0.011621344,0,TN
MH-003_18.914612_73.500471,MH-003,0,0.0056296405,0,TN
MH-003_18.914612_73.50074,MH-003,0,0.008880966,0,TN
MH-003_18.914612_73.50101,MH-003,0,0.0136328405,0,TN
MH-003_18.914612_73.501279,MH-003,0,0.00989419,0,TN
MH-003_18.914612_73.502896,MH-003,0,0.016371366,0,TN
MH-003_18.914612_73.503166,MH-003,0,0.014904313,0,TN
MH-003_18.914343_73.497237,MH-003,0,0.0032581154,0,TN
MH-003_18.914343_73.497507,MH-003,0,0.0066886013,0,TN
MH-003_18.914343_73.498315,MH-003,0,0.017016716,0,TN
MH-003_18.914343_73.498584,MH-003,0,0.009755704,0,TN
MH-003_18.914343_73.498854,MH-003,0,0.0074602263,0,TN
MH-003_18.914343_73.499662,MH-003,0,0.0007797446,0,TN
MH-003_18.914343_73.500201,MH-003,0,0.002369191,0,TN
MH-003_18.914343_73.500471,MH-003,0,0.0029157207,0,TN
MH-003_18.914343_73.50074,MH-003,0,0.0026362299,0,TN
MH-003_18.914343_73.501549,MH-003,0,0.011972346,0,TN
MH-003_18.914343_73.501818,MH-003,0,0.008561248,0,TN
MH-003_18.914343_73.502088,MH-003,0,0.013077349,0,TN
MH-003_18.914343_73.502357,MH-003,0,0.009747199,0,TN
MH-003_18.914343_73.502627,MH-003,0,0.019507037,0,TN
MH-003_18.914343_73.502896,MH-003,0,0.01024555,0,TN
MH-003_18.914343_73.503166,MH-003,0,0.011323333,0,TN
MH-003_18.914073_73.499662,MH-003,0,0.0007201229,0,TN
MH-003_18.914073_73.500201,MH-003,0,0.002022473,0,TN
MH-003_18.914073_73.500471,MH-003,0,0.0025077,0,TN
MH-003_18.914073_73.50074,MH-003,0,0.004642269,0,TN
MH-003_18.914073_73.50101,MH-003,0,0.004709977,0,TN
MH-003_18.914073_73.501279,MH-003,0,0.0039262776,0,TN
MH-003_18.914073_73.501549,MH-003,0,0.011681415,0,TN
MH-003_18.914073_73.501818,MH-003,0,0.007686182,0,TN
MH-003_18.914073_73.502088,MH-003,0,0.014344775,0,TN
MH-003_18.914073_73.502357,MH-003,0,0.011045532,0,TN
MH-003_18.914073_73.502627,MH-003,0,0.019750759,0,TN
MH-003_18.914073_73.502896,MH-003,0,0.008368886,0,TN
MH-003_18.913804_73.500471,MH-003,0,0.002506531,0,TN
MH-003_18.913804_73.50074,MH-003,0,0.004076035,0,TN
MH-003_18.913804_73.50101,MH-003,0,0.0042851144,0,TN
MH-003_18.913804_73.501279,MH-003,0,0.0050278413,0,TN
MH-003_18.913804_73.501549,MH-003,0,0.014599231,0,TN
MH-003_18.913804_73.501818,MH-003,0,0.014097565,0,TN
MH-003_18.913804_73.502088,MH-003,0,0.026135743,0,TN
MH-003_18.913804_73.502357,MH-003,0,0.013594754,0,TN
MH-003_18.913804_73.502627,MH-003,0,0.028876768,0,TN
MH-003_18.913804_73.502896,MH-003,0,0.009584466,0,TN
MH-003_18.913534_73.497237,MH-003,0,0.027403532,0,TN
MH-003_18.913534_73.500471,MH-003,0,0.0049330485,0,TN
MH-003_18.913534_73.50074,MH-003,0,0.003960353,0,TN
MH-003_18.913534_73.50101,MH-003,0,0.003823381,0,TN
MH-003_18.913534_73.501279,MH-003,0,0.0044188127,0,TN
MH-003_18.913534_73.501549,MH-003,0,0.010666073,0,TN
MH-003_18.913534_73.501818,MH-003,0,0.009992138,0,TN
MH-003_18.913534_73.502088,MH-003,0,0.022429911,0,TN
MH-003_18.913534_73.502357,MH-003,0,0.01576768,0,TN
MH-003_18.913534_73.502627,MH-003,0,0.020977296,0,TN
MH-003_18.913534_73.502896,MH-003,0,0.017449751,0,TN
MH-003_18.913534_73.503166,MH-003,0,0.017222725,0,TN
MH-003_18.913265_73.497237,MH-003,0,0.0658639,0,TN
MH-003_18.913265_73.500471,MH-003,0,0.016635163,0,TN
MH-003_18.913265_73.50074,MH-003,0,0.012365539,0,TN
MH-003_18.913265_73.50101,MH-003,0,0.007508737,0,TN
MH-003_18.913265_73.501279,MH-003,0,0.004134785,0,TN
MH-003_18.913265_73.501549,MH-003,0,0.0088379895,0,TN
MH-003_18.912995_73.50074,MH-003,0,0.019491443,0,TN
MH-003_18.912995_73.50101,MH-003,0,0.007638128,0,TN
MH-003_18.912995_73.501279,MH-003,0,0.0035898755,0,TN
MH-003_18.912995_73.502627,MH-003,0,0.00831791,0,TN
MH-003_18.912726_73.50074,MH-003,0,0.10818815,1,FP
MH-003_18.912726_73.502357,MH-003,0,0.0034151394,0,TN
MH-003_18.912726_73.502627,MH-003,0,0.0034994886,0,TN
MH-003_18.912726_73.502896,MH-003,0,0.00162358,0,TN
MH-003_18.912726_73.503166,MH-003,0,0.0009682655,0,TN
MH-003_18.912456_73.502627,MH-003,0,0.0015391104,0,TN
MH-003_18.912456_73.502896,MH-003,0,0.0014026285,0,TN
MH-003_18.912456_73.503166,MH-003,0,0.0008480577,0,TN
MH-003_18.912187_73.502896,MH-003,0,0.0022090056,0,TN
MH-003_18.911648_73.502896,MH-003,0,0.009131944,0,TN
MH-003_18.911648_73.503166,MH-003,0,0.007134566,0,TN
MH-003_18.911378_73.503166,MH-003,0,0.0064832456,0,TN
MH-003_18.911109_73.502896,MH-003,0,0.006551751,0,TN
MH-003_18.911109_73.503166,MH-003,0,0.008287714,0,TN
MH-003_18.910839_73.502627,MH-003,0,0.0044512292,0,TN
MH-003_18.910839_73.502896,MH-003,0,0.0065671755,0,TN
