cluster_id,project_id,project_name,pixel_count,area_ha,centroid_latitude,centroid_longitude,first_anomaly_year,last_anomaly_year,persistence_count,candidate_level
MH-001_C001,MH-001,Gondkhari,14,1.26,2343634.114152,283907.291947,2021,2025,2,persistent_multi_year
MH-001_C002,MH-001,Gondkhari,110,9.90,2343433.231035,284256.967272,2021,2025,2,persistent_multi_year
MH-001_C003,MH-001,Gondkhari,1,0.09,2343642.685580,283770.149090,2022,2023,1,single_year_candidate
MH-001_C004,MH-001,Gondkhari,1,0.09,2343612.685580,283710.149090,2021,2024,2,persistent_multi_year
MH-001_C005,MH-001,Gondkhari,2,0.18,2343582.685580,283485.149090,2023,2025,1,single_year_candidate
MH-001_C006,MH-001,Gondkhari,11,0.99,2343484.503762,283388.330908,2021,2024,2,persistent_multi_year
MH-001_C007,MH-001,Gondkhari,22,1.98,2343435.412853,283896.967272,2021,2025,2,persistent_multi_year
MH-001_C008,MH-001,Gondkhari,30,2.70,2343344.685580,284668.149090,2021,2025,2,persistent_multi_year
MH-001_C009,MH-001,Gondkhari,1,0.09,2343252.685580,284460.149090,2022,2023,1,single_year_candidate
MH-001_C010,MH-001,Gondkhari,6,0.54,2343207.685580,284600.149090,2024,2025,1,single_year_candidate
MH-001_C011,MH-001,Gondkhari,1,0.09,2343222.685580,283470.149090,2024,2025,1,single_year_candidate
MH-001_C012,MH-001,Gondkhari,1,0.09,2343222.685580,284520.149090,2023,2024,1,single_year_candidate
MH-001_C013,MH-001,Gondkhari,1,0.09,2343192.685580,283860.149090,2022,2023,1,single_year_candidate
MH-001_C014,MH-001,Gondkhari,1,0.09,2343162.685580,283560.149090,2021,2022,1,single_year_candidate
MH-001_C015,MH-001,Gondkhari,1,0.09,2343162.685580,283650.149090,2021,2022,1,single_year_candidate
MH-001_C016,MH-001,Gondkhari,27,2.43,2343067.130025,284416.815756,2021,2025,3,persistent_multi_year
MH-001_C017,MH-001,Gondkhari,4,0.36,2343057.685580,284115.149090,2023,2024,1,single_year_candidate
MH-001_C018,MH-001,Gondkhari,23,2.07,2342968.337754,283667.105611,2023,2024,1,single_year_candidate
MH-001_C019,MH-001,Gondkhari,1,0.09,2343012.685580,284040.149090,2022,2023,1,single_year_candidate
MH-001_C020,MH-001,Gondkhari,1,0.09,2342952.685580,284160.149090,2022,2023,1,single_year_candidate
MH-001_C021,MH-001,Gondkhari,1,0.09,2342952.685580,284220.149090,2022,2023,1,single_year_candidate
MH-001_C022,MH-001,Gondkhari,6,0.54,2342867.685580,284155.149090,2024,2025,1,single_year_candidate
MH-001_C023,MH-001,Gondkhari,2,0.18,2342832.685580,283725.149090,2023,2024,1,single_year_candidate
MH-001_C024,MH-001,Gondkhari,12,1.08,2342752.685580,284522.649090,2024,2025,1,single_year_candidate
MH-001_C025,MH-001,Gondkhari,8,0.72,2342731.435580,284865.149090,2023,2025,1,single_year_candidate
MH-001_C026,MH-001,Gondkhari,105,9.45,2342387.828437,284757.863375,2021,2025,3,persistent_multi_year
MH-001_C027,MH-001,Gondkhari,1,0.09,2342622.685580,284190.149090,2023,2024,1,single_year_candidate
MH-001_C028,MH-001,Gondkhari,1,0.09,2342592.685580,284280.149090,2024,2025,1,single_year_candidate
MH-001_C029,MH-001,Gondkhari,3,0.27,2342542.685580,283990.149090,2023,2024,1,single_year_candidate
MH-001_C030,MH-001,Gondkhari,1,0.09,2342532.685580,284070.149090,2023,2024,1,single_year_candidate
MH-001_C031,MH-001,Gondkhari,17,1.53,2342245.038521,284047.207913,2024,2025,1,single_year_candidate
MH-001_C032,MH-001,Gondkhari,1,0.09,2342352.685580,283890.149090,2023,2024,1,single_year_candidate
MH-001_C033,MH-001,Gondkhari,3,0.27,2342322.685580,284420.149090,2024,2025,1,single_year_candidate
MH-001_C034,MH-001,Gondkhari,9,0.81,2342262.685580,285000.149090,2021,2023,1,single_year_candidate
MH-001_C035,MH-001,Gondkhari,1,0.09,2342292.685580,283710.149090,2024,2025,1,single_year_candidate
MH-001_C036,MH-001,Gondkhari,1,0.09,2342262.685580,283860.149090,2023,2024,1,single_year_candidate
MH-001_C037,MH-001,Gondkhari,1,0.09,2342232.685580,284430.149090,2024,2025,1,single_year_candidate
MH-001_C038,MH-001,Gondkhari,3,0.27,2342222.685580,284630.149090,2021,2022,1,single_year_candidate
MH-001_C039,MH-001,Gondkhari,1,0.09,2342202.685580,283710.149090,2023,2024,1,single_year_candidate
MH-001_C040,MH-001,Gondkhari,2,0.18,2342202.685580,284355.149090,2024,2025,1,single_year_candidate
MH-001_C041,MH-001,Gondkhari,1,0.09,2342172.685580,284880.149090,2022,2023,1,single_year_candidate
MH-001_C042,MH-001,Gondkhari,2,0.18,2342172.685580,285045.149090,2023,2024,1,single_year_candidate
MH-001_C043,MH-001,Gondkhari,3,0.27,2342132.685580,283800.149090,2023,2024,1,single_year_candidate
MH-001_C044,MH-001,Gondkhari,1,0.09,2342142.685580,284370.149090,2024,2025,1,single_year_candidate
MH-001_C045,MH-001,Gondkhari,1,0.09,2342082.685580,284040.149090,2024,2025,1,single_year_candidate
MH-001_C046,MH-001,Gondkhari,1,0.09,2342082.685580,284880.149090,2021,2022,1,single_year_candidate
MH-001_C047,MH-001,Gondkhari,4,0.36,2342030.185580,283740.149090,2023,2024,1,single_year_candidate
MH-001_C048,MH-001,Gondkhari,2,0.18,2341992.685580,284505.149090,2024,2025,1,single_year_candidate
MH-001_C049,MH-001,Gondkhari,3,0.27,2341942.685580,284110.149090,2023,2025,1,single_year_candidate
MH-001_C050,MH-001,Gondkhari,1,0.09,2341962.685580,284310.149090,2023,2024,1,single_year_candidate
MH-001_C051,MH-001,Gondkhari,2,0.18,2341887.685580,284820.149090,2021,2022,1,single_year_candidate
MH-001_C052,MH-001,Gondkhari,1,0.09,2341872.685580,283500.149090,2023,2024,1,single_year_candidate
MH-001_C053,MH-001,Gondkhari,4,0.36,2341835.185580,285007.649090,2024,2025,1,single_year_candidate
MH-001_C054,MH-001,Gondkhari,2,0.18,2341857.685580,285195.149090,2022,2023,1,single_year_candidate
MH-001_C055,MH-001,Gondkhari,201,18.09,2341525.073640,284172.835657,2021,2025,3,persistent_multi_year
MH-001_C056,MH-001,Gondkhari,1,0.09,2341842.685580,284460.149090,2023,2024,1,single_year_candidate
MH-001_C057,MH-001,Gondkhari,6,0.54,2341767.685580,285090.149090,2022,2023,1,single_year_candidate
MH-001_C058,MH-001,Gondkhari,2,0.18,2341752.685580,283905.149090,2021,2022,1,single_year_candidate
MH-001_C059,MH-001,Gondkhari,10,0.90,2341692.685580,284619.149090,2021,2024,1,single_year_candidate
MH-001_C060,MH-001,Gondkhari,7,0.63,2341654.114152,284854.434804,2022,2024,2,persistent_multi_year
MH-001_C061,MH-001,Gondkhari,3,0.27,2341672.685580,285250.149090,2023,2024,1,single_year_candidate
MH-001_C062,MH-001,Gondkhari,2,0.18,2341647.685580,285030.149090,2024,2025,1,single_year_candidate
MH-001_C063,MH-001,Gondkhari,1,0.09,2341632.685580,284760.149090,2023,2024,1,single_year_candidate
MH-001_C064,MH-001,Gondkhari,1,0.09,2341632.685580,285090.149090,2023,2024,1,single_year_candidate
MH-001_C065,MH-001,Gondkhari,1,0.09,2341602.685580,284490.149090,2021,2022,1,single_year_candidate
MH-001_C066,MH-001,Gondkhari,3,0.27,2341552.685580,285030.149090,2023,2025,1,single_year_candidate
MH-001_C067,MH-001,Gondkhari,1,0.09,2341542.685580,285120.149090,2023,2024,1,single_year_candidate
MH-001_C068,MH-001,Gondkhari,1,0.09,2341512.685580,285180.149090,2023,2024,1,single_year_candidate
MH-001_C069,MH-001,Gondkhari,3,0.27,2341472.685580,284570.149090,2021,2022,1,single_year_candidate
MH-001_C070,MH-001,Gondkhari,4,0.36,2341467.685580,285105.149090,2024,2025,1,single_year_candidate
MH-001_C071,MH-001,Gondkhari,1,0.09,2341452.685580,284640.149090,2021,2022,1,single_year_candidate
MH-001_C072,MH-001,Gondkhari,11,0.99,2341313.594671,284642.876362,2024,2025,1,single_year_candidate
MH-001_C073,MH-001,Gondkhari,6,0.54,2341312.685580,284950.149090,2023,2024,1,single_year_candidate
MH-001_C074,MH-001,Gondkhari,37,3.33,2341159.172067,283921.770711,2022,2025,2,persistent_multi_year
MH-001_C075,MH-001,Gondkhari,16,1.44,2341085.185580,284400.149090,2022,2025,2,persistent_multi_year
MH-001_C076,MH-001,Gondkhari,2,0.18,2341152.685580,284115.149090,2024,2025,1,single_year_candidate
MH-001_C077,MH-001,Gondkhari,9,0.81,2341062.685580,285180.149090,2023,2024,1,single_year_candidate
MH-001_C078,MH-001,Gondkhari,2,0.18,2341062.685580,285285.149090,2023,2024,1,single_year_candidate
MH-001_C079,MH-001,Gondkhari,5,0.45,2340996.685580,285066.149090,2023,2025,1,single_year_candidate
MH-001_C080,MH-001,Gondkhari,2,0.18,2340987.685580,284535.149090,2024,2025,1,single_year_candidate
MH-001_C081,MH-001,Gondkhari,4,0.36,2340957.685580,284055.149090,2022,2024,2,persistent_multi_year
MH-001_C082,MH-001,Gondkhari,1,0.09,2340972.685580,285240.149090,2024,2025,1,single_year_candidate
MH-001_C083,MH-001,Gondkhari,12,1.08,2340875.185580,285775.149090,2024,2025,1,single_year_candidate
MH-001_C084,MH-001,Gondkhari,2,0.18,2340897.685580,284175.149090,2024,2025,1,single_year_candidate
MH-001_C085,MH-001,Gondkhari,1,0.09,2340912.685580,285000.149090,2022,2023,1,single_year_candidate
MH-001_C086,MH-001,Gondkhari,1,0.09,2340792.685580,284490.149090,2024,2025,1,single_year_candidate
MH-001_C087,MH-001,Gondkhari,4,0.36,2340762.685580,285030.149090,2021,2023,2,persistent_multi_year
MH-001_C088,MH-001,Gondkhari,6,0.54,2340692.685580,285715.149090,2022,2023,1,single_year_candidate
MH-001_C089,MH-001,Gondkhari,12,1.08,2340592.685580,284577.649090,2023,2025,2,persistent_multi_year
MH-001_C090,MH-001,Gondkhari,1,0.09,2340672.685580,285180.149090,2023,2024,1,single_year_candidate
MH-001_C091,MH-001,Gondkhari,4,0.36,2340612.685580,285135.149090,2023,2024,1,single_year_candidate
MH-001_C092,MH-001,Gondkhari,1,0.09,2340612.685580,284430.149090,2024,2025,1,single_year_candidate
MH-001_C093,MH-001,Gondkhari,14,1.26,2340518.399866,284766.577661,2022,2023,1,single_year_candidate
MH-001_C094,MH-001,Gondkhari,1,0.09,2340612.685580,284820.149090,2022,2023,1,single_year_candidate
MH-001_C095,MH-001,Gondkhari,11,0.99,2340560.867398,285567.421817,2022,2024,2,persistent_multi_year
MH-001_C096,MH-001,Gondkhari,1,0.09,2340522.685580,283980.149090,2024,2025,1,single_year_candidate
MH-001_C097,MH-001,Gondkhari,11,0.99,2340465.412853,285041.058181,2022,2023,1,single_year_candidate
MH-001_C098,MH-001,Gondkhari,5,0.45,2340450.685580,285516.149090,2022,2023,1,single_year_candidate
MH-001_C099,MH-001,Gondkhari,1,0.09,2340432.685580,283950.149090,2023,2025,2,persistent_multi_year
MH-001_C100,MH-001,Gondkhari,1,0.09,2340402.685580,285720.149090,2024,2025,1,single_year_candidate
MH-001_C101,MH-001,Gondkhari,1,0.09,2340402.685580,285930.149090,2021,2022,1,single_year_candidate
MH-001_C102,MH-001,Gondkhari,2,0.18,2340357.685580,285630.149090,2022,2023,1,single_year_candidate
MH-001_C103,MH-001,Gondkhari,1,0.09,2340342.685580,284520.149090,2024,2025,1,single_year_candidate
MH-001_C104,MH-001,Gondkhari,6,0.54,2340287.685580,285155.149090,2022,2023,1,single_year_candidate
MH-001_C105,MH-001,Gondkhari,2,0.18,2340297.685580,284910.149090,2023,2024,1,single_year_candidate
MH-001_C106,MH-001,Gondkhari,12,1.08,2340277.685580,285017.649090,2021,2023,2,persistent_multi_year
MH-001_C107,MH-001,Gondkhari,1,0.09,2340282.685580,284250.149090,2023,2025,2,persistent_multi_year
MH-001_C108,MH-001,Gondkhari,4,0.36,2340222.685580,284122.649090,2022,2023,1,single_year_candidate
MH-001_C109,MH-001,Gondkhari,2,0.18,2340222.685580,285495.149090,2022,2023,1,single_year_candidate
MH-001_C110,MH-001,Gondkhari,10,0.90,2340195.685580,285837.149090,2023,2025,1,single_year_candidate
MH-001_C111,MH-001,Gondkhari,2,0.18,2340147.685580,284910.149090,2021,2022,1,single_year_candidate
MH-001_C112,MH-001,Gondkhari,1,0.09,2340162.685580,285720.149090,2022,2023,1,single_year_candidate
MH-001_C113,MH-001,Gondkhari,4,0.36,2340132.685580,285975.149090,2023,2025,2,persistent_multi_year
MH-001_C114,MH-001,Gondkhari,17,1.53,2339896.214992,285984.854972,2024,2025,1,single_year_candidate
MH-001_C115,MH-001,Gondkhari,1,0.09,2339952.685580,285870.149090,2022,2023,1,single_year_candidate
MH-001_C116,MH-001,Gondkhari,1,0.09,2339892.685580,284910.149090,2023,2024,1,single_year_candidate
MH-001_C117,MH-001,Gondkhari,16,1.44,2339772.685580,284552.024090,2023,2024,1,single_year_candidate
MH-001_C118,MH-001,Gondkhari,1,0.09,2339742.685580,284700.149090,2024,2025,1,single_year_candidate
MH-001_C119,MH-001,Gondkhari,1,0.09,2339742.685580,285930.149090,2022,2023,1,single_year_candidate
MH-001_C120,MH-001,Gondkhari,22,1.98,2339652.685580,284192.876362,2024,2025,1,single_year_candidate
MH-001_C121,MH-001,Gondkhari,6,0.54,2339672.685580,285250.149090,2023,2024,1,single_year_candidate
MH-001_C122,MH-001,Gondkhari,2,0.18,2339637.685580,284790.149090,2024,2025,1,single_year_candidate
MH-001_C123,MH-001,Gondkhari,1,0.09,2339622.685580,286110.149090,2024,2025,1,single_year_candidate
MH-001_C124,MH-001,Gondkhari,1,0.09,2339592.685580,285060.149090,2023,2024,1,single_year_candidate
MH-001_C125,MH-001,Gondkhari,45,4.05,2339418.685580,285403.482423,2023,2025,2,persistent_multi_year
MH-001_C126,MH-001,Gondkhari,4,0.36,2339517.685580,284340.149090,2024,2025,1,single_year_candidate
MH-001_C127,MH-001,Gondkhari,2,0.18,2339502.685580,284115.149090,2024,2025,1,single_year_candidate
MH-001_C128,MH-001,Gondkhari,1,0.09,2339502.685580,285060.149090,2024,2025,1,single_year_candidate
MH-001_C129,MH-001,Gondkhari,1,0.09,2339412.685580,284310.149090,2024,2025,1,single_year_candidate
MH-001_C130,MH-001,Gondkhari,27,2.43,2339343.796691,284612.371312,2021,2024,1,single_year_candidate
MH-001_C131,MH-001,Gondkhari,7,0.63,2339288.399866,284245.863375,2021,2025,2,persistent_multi_year
MH-001_C132,MH-001,Gondkhari,9,0.81,2339216.018913,285243.482423,2022,2025,1,single_year_candidate
MH-001_C133,MH-001,Gondkhari,2,0.18,2339277.685580,285630.149090,2024,2025,1,single_year_candidate
MH-001_C134,MH-001,Gondkhari,16,1.44,2339215.810580,284720.774090,2021,2025,3,persistent_multi_year
MH-001_C135,MH-001,Gondkhari,1,0.09,2339232.685580,284340.149090,2021,2022,1,single_year_candidate
MH-001_C136,MH-001,Gondkhari,3,0.27,2339202.685580,284910.149090,2023,2024,1,single_year_candidate
MH-001_C137,MH-001,Gondkhari,3,0.27,2339132.685580,284180.149090,2024,2025,1,single_year_candidate
MH-001_C138,MH-001,Gondkhari,7,0.63,2339074.114152,284610.149090,2022,2025,2,persistent_multi_year
MH-001_C139,MH-001,Gondkhari,1,0.09,2339052.685580,285060.149090,2024,2025,1,single_year_candidate
MH-001_C140,MH-001,Gondkhari,45,4.05,2338842.018913,285678.149090,2023,2025,2,persistent_multi_year
MH-001_C141,MH-001,Gondkhari,1,0.09,2338902.685580,285000.149090,2023,2024,1,single_year_candidate
MH-001_C142,MH-001,Gondkhari,1,0.09,2338872.685580,284430.149090,2023,2024,1,single_year_candidate
MH-001_C143,MH-001,Gondkhari,3,0.27,2338862.685580,284690.149090,2023,2025,2,persistent_multi_year
MH-001_C144,MH-001,Gondkhari,1,0.09,2338842.685580,285420.149090,2023,2024,1,single_year_candidate
MH-001_C145,MH-001,Gondkhari,3,0.27,2338792.685580,284590.149090,2023,2024,1,single_year_candidate
MH-001_C146,MH-001,Gondkhari,9,0.81,2338732.685580,285156.815756,2021,2025,2,persistent_multi_year
MH-001_C147,MH-001,Gondkhari,2,0.18,2338812.685580,285345.149090,2023,2024,1,single_year_candidate
MH-001_C148,MH-001,Gondkhari,2,0.18,2338782.685580,284445.149090,2023,2024,1,single_year_candidate
MH-001_C149,MH-001,Gondkhari,1,0.09,2338722.685580,284340.149090,2024,2025,1,single_year_candidate
MH-001_C150,MH-001,Gondkhari,4,0.36,2338677.685580,284535.149090,2024,2025,1,single_year_candidate
MH-001_C151,MH-001,Gondkhari,4,0.36,2338617.685580,284385.149090,2024,2025,1,single_year_candidate
MH-001_C152,MH-001,Gondkhari,1,0.09,2338632.685580,284880.149090,2022,2023,1,single_year_candidate
MH-001_C153,MH-001,Gondkhari,7,0.63,2338624.114152,285368.720518,2023,2025,2,persistent_multi_year
MH-001_C154,MH-001,Gondkhari,1,0.09,2338542.685580,284550.149090,2023,2024,1,single_year_candidate
MH-001_C155,MH-001,Gondkhari,6,0.54,2338487.685580,285060.149090,2023,2025,2,persistent_multi_year
MH-001_C156,MH-001,Gondkhari,1,0.09,2338542.685580,285840.149090,2023,2024,1,single_year_candidate
MH-001_C157,MH-001,Gondkhari,6,0.54,2338457.685580,285695.149090,2022,2024,1,single_year_candidate
MH-001_C158,MH-001,Gondkhari,4,0.36,2338445.185580,285360.149090,2022,2024,1,single_year_candidate
MH-001_C159,MH-001,Gondkhari,1,0.09,2338452.685580,285450.149090,2023,2024,1,single_year_candidate
MH-001_C160,MH-001,Gondkhari,1,0.09,2338362.685580,284760.149090,2024,2025,1,single_year_candidate
MH-001_C161,MH-001,Gondkhari,3,0.27,2338282.685580,284630.149090,2022,2023,1,single_year_candidate
MH-002_C001,MH-002,Gadchiroli,1,0.09,2170061.200479,431152.656972,2024,2025,1,single_year_candidate
MH-002_C002,MH-002,Gadchiroli,1,0.09,2170001.200479,431092.656972,2022,2023,1,single_year_candidate
MH-002_C003,MH-002,Gadchiroli,1,0.09,2169881.200479,431092.656972,2022,2023,1,single_year_candidate
MH-002_C004,MH-002,Gadchiroli,2,0.18,2169836.200479,431167.656972,2022,2023,1,single_year_candidate
MH-002_C005,MH-002,Gadchiroli,2,0.18,2169806.200479,430867.656972,2022,2023,1,single_year_candidate
MH-002_C006,MH-002,Gadchiroli,14,1.26,2169681.914765,431019.799829,2022,2023,1,single_year_candidate
MH-002_C007,MH-002,Gadchiroli,2,0.18,2169686.200479,431242.656972,2022,2023,1,single_year_candidate
MH-002_C008,MH-002,Gadchiroli,1,0.09,2169581.200479,430882.656972,2022,2023,1,single_year_candidate
MH-002_C009,MH-002,Gadchiroli,1,0.09,2169551.200479,431002.656972,2022,2023,1,single_year_candidate
MH-002_C010,MH-002,Gadchiroli,1,0.09,2169491.200479,430942.656972,2022,2023,1,single_year_candidate
MH-002_C011,MH-002,Gadchiroli,1,0.09,2169341.200479,431602.656972,2024,2025,1,single_year_candidate
MH-002_C012,MH-002,Gadchiroli,14,1.26,2169246.914765,431204.085544,2022,2025,2,persistent_multi_year
MH-002_C013,MH-002,Gadchiroli,1,0.09,2169131.200479,430312.656972,2024,2025,1,single_year_candidate
MH-002_C014,MH-002,Gadchiroli,5,0.45,2169101.200479,431464.656972,2023,2024,1,single_year_candidate
MH-002_C015,MH-002,Gadchiroli,2,0.18,2169086.200479,431257.656972,2022,2023,1,single_year_candidate
MH-002_C016,MH-002,Gadchiroli,1,0.09,2169101.200479,431752.656972,2024,2025,1,single_year_candidate
MH-002_C017,MH-002,Gadchiroli,1,0.09,2169071.200479,430462.656972,2022,2023,1,single_year_candidate
MH-002_C018,MH-002,Gadchiroli,1,0.09,2169011.200479,431212.656972,2022,2023,1,single_year_candidate
MH-002_C019,MH-002,Gadchiroli,6,0.54,2168966.200479,430347.656972,2022,2023,1,single_year_candidate
MH-002_C020,MH-002,Gadchiroli,3,0.27,2168951.200479,431802.656972,2022,2023,1,single_year_candidate
MH-002_C021,MH-002,Gadchiroli,2,0.18,2168936.200479,431542.656972,2023,2024,1,single_year_candidate
MH-002_C022,MH-002,Gadchiroli,2,0.18,2168891.200479,430147.656972,2024,2025,1,single_year_candidate
MH-002_C023,MH-002,Gadchiroli,3,0.27,2168871.200479,430622.656972,2022,2023,1,single_year_candidate
MH-002_C024,MH-002,Gadchiroli,1,0.09,2168891.200479,431362.656972,2022,2023,1,single_year_candidate
MH-002_C025,MH-002,Gadchiroli,2,0.18,2168816.200479,430192.656972,2024,2025,1,single_year_candidate
MH-002_C026,MH-002,Gadchiroli,2,0.18,2168816.200479,431647.656972,2022,2023,1,single_year_candidate
MH-002_C027,MH-002,Gadchiroli,1,0.09,2168831.200479,431842.656972,2022,2023,1,single_year_candidate
MH-002_C028,MH-002,Gadchiroli,2,0.18,2168771.200479,431827.656972,2022,2023,1,single_year_candidate
MH-002_C029,MH-002,Gadchiroli,513,46.17,2167672.896385,431990.083873,2021,2025,3,persistent_multi_year
MH-002_C030,MH-002,Gadchiroli,1,0.09,2168711.200479,431692.656972,2022,2023,1,single_year_candidate
MH-002_C031,MH-002,Gadchiroli,16,1.44,2168654.950479,431377.656972,2022,2025,1,single_year_candidate
MH-002_C032,MH-002,Gadchiroli,1,0.09,2168651.200479,430312.656972,2024,2025,1,single_year_candidate
MH-002_C033,MH-002,Gadchiroli,3,0.27,2168641.200479,431752.656972,2022,2025,1,single_year_candidate
MH-002_C034,MH-002,Gadchiroli,1,0.09,2168591.200479,431242.656972,2022,2023,1,single_year_candidate
MH-002_C035,MH-002,Gadchiroli,2,0.18,2168576.200479,431347.656972,2022,2023,1,single_year_candidate
MH-002_C036,MH-002,Gadchiroli,2,0.18,2168576.200479,431602.656972,2024,2025,1,single_year_candidate
MH-002_C037,MH-002,Gadchiroli,43,3.87,2168391.665595,431395.447670,2022,2025,3,persistent_multi_year
MH-002_C038,MH-002,Gadchiroli,1,0.09,2168561.200479,431512.656972,2022,2023,1,single_year_candidate
MH-002_C039,MH-002,Gadchiroli,255,22.95,2168351.553420,433205.245207,2021,2025,3,persistent_multi_year
MH-002_C040,MH-002,Gadchiroli,1,0.09,2168561.200479,434122.656972,2022,2023,1,single_year_candidate
MH-002_C041,MH-002,Gadchiroli,1,0.09,2168531.200479,430612.656972,2023,2024,1,single_year_candidate
MH-002_C042,MH-002,Gadchiroli,3,0.27,2168501.200479,434342.656972,2022,2023,1,single_year_candidate
MH-002_C043,MH-002,Gadchiroli,2,0.18,2168531.200479,434407.656972,2022,2023,1,single_year_candidate
MH-002_C044,MH-002,Gadchiroli,5,0.45,2168489.200479,434008.656972,2022,2023,1,single_year_candidate
MH-002_C045,MH-002,Gadchiroli,1,0.09,2168471.200479,431722.656972,2022,2023,1,single_year_candidate
MH-002_C046,MH-002,Gadchiroli,4,0.36,2168381.200479,430477.656972,2022,2023,1,single_year_candidate
MH-002_C047,MH-002,Gadchiroli,1,0.09,2168411.200479,434302.656972,2022,2023,1,single_year_candidate
MH-002_C048,MH-002,Gadchiroli,1,0.09,2168381.200479,430762.656972,2022,2023,1,single_year_candidate
MH-002_C049,MH-002,Gadchiroli,1,0.09,2168381.200479,431662.656972,2022,2023,1,single_year_candidate
MH-002_C050,MH-002,Gadchiroli,1,0.09,2168381.200479,431872.656972,2022,2023,1,single_year_candidate
MH-002_C051,MH-002,Gadchiroli,2,0.18,2168351.200479,431977.656972,2022,2023,1,single_year_candidate
MH-002_C052,MH-002,Gadchiroli,27,2.43,2168273.422701,432060.434750,2022,2025,2,persistent_multi_year
MH-002_C053,MH-002,Gadchiroli,1,0.09,2168351.200479,433402.656972,2022,2023,1,single_year_candidate
MH-002_C054,MH-002,Gadchiroli,1,0.09,2168351.200479,433822.656972,2024,2025,1,single_year_candidate
MH-002_C055,MH-002,Gadchiroli,3,0.27,2168341.200479,434602.656972,2023,2024,1,single_year_candidate
MH-002_C056,MH-002,Gadchiroli,1,0.09,2168321.200479,434332.656972,2023,2024,1,single_year_candidate
MH-002_C057,MH-002,Gadchiroli,1,0.09,2168321.200479,434482.656972,2022,2023,1,single_year_candidate
MH-002_C058,MH-002,Gadchiroli,5,0.45,2168261.200479,434644.656972,2022,2024,1,single_year_candidate
MH-002_C059,MH-002,Gadchiroli,2,0.18,2168261.200479,434107.656972,2023,2024,1,single_year_candidate
MH-002_C060,MH-002,Gadchiroli,2,0.18,2168216.200479,430732.656972,2022,2023,1,single_year_candidate
MH-002_C061,MH-002,Gadchiroli,1,0.09,2168231.200479,433822.656972,2022,2023,1,single_year_candidate
MH-002_C062,MH-002,Gadchiroli,42,3.78,2168059.057622,434818.371258,2023,2024,1,single_year_candidate
MH-002_C063,MH-002,Gadchiroli,2,0.18,2168186.200479,430882.656972,2024,2025,1,single_year_candidate
MH-002_C064,MH-002,Gadchiroli,1,0.09,2168201.200479,431032.656972,2022,2023,1,single_year_candidate
MH-002_C065,MH-002,Gadchiroli,23,2.07,2168111.200479,434521.787407,2023,2024,1,single_year_candidate
MH-002_C066,MH-002,Gadchiroli,1,0.09,2168171.200479,431272.656972,2022,2023,1,single_year_candidate
MH-002_C067,MH-002,Gadchiroli,1,0.09,2168171.200479,433492.656972,2022,2023,1,single_year_candidate
MH-002_C068,MH-002,Gadchiroli,13,1.17,2168101.969710,433988.810818,2022,2023,1,single_year_candidate
MH-002_C069,MH-002,Gadchiroli,1,0.09,2168171.200479,434272.656972,2023,2024,1,single_year_candidate
MH-002_C070,MH-002,Gadchiroli,1,0.09,2168141.200479,433702.656972,2022,2023,1,single_year_candidate
MH-002_C071,MH-002,Gadchiroli,1,0.09,2168141.200479,434182.656972,2023,2024,1,single_year_candidate
MH-002_C072,MH-002,Gadchiroli,8,0.72,2168043.700479,432465.156972,2022,2023,1,single_year_candidate
MH-002_C073,MH-002,Gadchiroli,1,0.09,2168081.200479,433102.656972,2022,2023,1,single_year_candidate
MH-002_C074,MH-002,Gadchiroli,1,0.09,2168081.200479,434182.656972,2022,2023,1,single_year_candidate
MH-002_C075,MH-002,Gadchiroli,6,0.54,2167986.200479,431227.656972,2022,2023,1,single_year_candidate
MH-002_C076,MH-002,Gadchiroli,1,0.09,2168051.200479,433342.656972,2022,2023,1,single_year_candidate
MH-002_C077,MH-002,Gadchiroli,1,0.09,2168021.200479,431422.656972,2022,2023,1,single_year_candidate
MH-002_C078,MH-002,Gadchiroli,12,1.08,2167921.200479,432242.656972,2022,2025,2,persistent_multi_year
MH-002_C079,MH-002,Gadchiroli,4,0.36,2168006.200479,434407.656972,2023,2024,1,single_year_candidate
MH-002_C080,MH-002,Gadchiroli,4,0.36,2167976.200479,430777.656972,2022,2023,1,single_year_candidate
MH-002_C081,MH-002,Gadchiroli,5,0.45,2167973.200479,431638.656972,2022,2023,1,single_year_candidate
MH-002_C082,MH-002,Gadchiroli,1,0.09,2167991.200479,433402.656972,2023,2024,1,single_year_candidate
MH-002_C083,MH-002,Gadchiroli,1,0.09,2167961.200479,432922.656972,2022,2023,1,single_year_candidate
MH-002_C084,MH-002,Gadchiroli,1,0.09,2167961.200479,433132.656972,2022,2023,1,single_year_candidate
MH-002_C085,MH-002,Gadchiroli,1,0.09,2167961.200479,434182.656972,2023,2024,1,single_year_candidate
MH-002_C086,MH-002,Gadchiroli,1,0.09,2167961.200479,434602.656972,2023,2024,1,single_year_candidate
MH-002_C087,MH-002,Gadchiroli,2,0.18,2167916.200479,433252.656972,2022,2023,1,single_year_candidate
MH-002_C088,MH-002,Gadchiroli,3,0.27,2167911.200479,433412.656972,2022,2023,1,single_year_candidate
MH-002_C089,MH-002,Gadchiroli,1,0.09,2167931.200479,433582.656972,2022,2023,1,single_year_candidate
MH-002_C090,MH-002,Gadchiroli,1,0.09,2167931.200479,433762.656972,2023,2024,1,single_year_candidate
MH-002_C091,MH-002,Gadchiroli,1,0.09,2167931.200479,434092.656972,2023,2024,1,single_year_candidate
MH-002_C092,MH-002,Gadchiroli,1,0.09,2167931.200479,434962.656972,2023,2024,1,single_year_candidate
MH-002_C093,MH-002,Gadchiroli,1,0.09,2167901.200479,431752.656972,2022,2023,1,single_year_candidate
MH-002_C094,MH-002,Gadchiroli,3,0.27,2167901.200479,434692.656972,2023,2024,1,single_year_candidate
MH-002_C095,MH-002,Gadchiroli,3,0.27,2167871.200479,431392.656972,2022,2023,1,single_year_candidate
MH-002_C096,MH-002,Gadchiroli,1,0.09,2167871.200479,433492.656972,2024,2025,1,single_year_candidate
MH-002_C097,MH-002,Gadchiroli,4,0.36,2167833.700479,434917.656972,2023,2024,1,single_year_candidate
MH-002_C098,MH-002,Gadchiroli,1,0.09,2167841.200479,434152.656972,2022,2023,1,single_year_candidate
MH-002_C099,MH-002,Gadchiroli,2,0.18,2167826.200479,434407.656972,2022,2024,1,single_year_candidate
MH-002_C100,MH-002,Gadchiroli,3,0.27,2167771.200479,433662.656972,2022,2023,1,single_year_candidate
MH-002_C101,MH-002,Gadchiroli,4,0.36,2167728.700479,432442.656972,2022,2024,1,single_year_candidate
MH-002_C102,MH-002,Gadchiroli,2,0.18,2167751.200479,432967.656972,2022,2023,1,single_year_candidate
MH-002_C103,MH-002,Gadchiroli,1,0.09,2167751.200479,433072.656972,2024,2025,1,single_year_candidate
MH-002_C104,MH-002,Gadchiroli,3,0.27,2167721.200479,434952.656972,2023,2024,1,single_year_candidate
MH-002_C105,MH-002,Gadchiroli,2,0.18,2167721.200479,431077.656972,2023,2024,1,single_year_candidate
MH-002_C106,MH-002,Gadchiroli,1,0.09,2167721.200479,432292.656972,2024,2025,1,single_year_candidate
MH-002_C107,MH-002,Gadchiroli,7,0.63,2167669.771907,433239.799829,2023,2025,2,persistent_multi_year
MH-002_C108,MH-002,Gadchiroli,2,0.18,2167706.200479,435022.656972,2023,2024,1,single_year_candidate
MH-002_C109,MH-002,Gadchiroli,1,0.09,2167691.200479,432532.656972,2023,2024,1,single_year_candidate
MH-002_C110,MH-002,Gadchiroli,5,0.45,2167667.200479,432802.656972,2022,2024,2,persistent_multi_year
MH-002_C111,MH-002,Gadchiroli,16,1.44,2167651.825479,433035.156972,2023,2025,1,single_year_candidate
MH-002_C112,MH-002,Gadchiroli,2,0.18,2167676.200479,433357.656972,2023,2025,2,persistent_multi_year
MH-002_C113,MH-002,Gadchiroli,2,0.18,2167676.200479,433717.656972,2022,2024,1,single_year_candidate
MH-002_C114,MH-002,Gadchiroli,1,0.09,2167691.200479,434182.656972,2022,2023,1,single_year_candidate
MH-002_C115,MH-002,Gadchiroli,1,0.09,2167661.200479,431362.656972,2022,2023,1,single_year_candidate
MH-002_C116,MH-002,Gadchiroli,1,0.09,2167631.200479,434692.656972,2022,2023,1,single_year_candidate
MH-002_C117,MH-002,Gadchiroli,1,0.09,2167631.200479,435052.656972,2023,2024,1,single_year_candidate
MH-002_C118,MH-002,Gadchiroli,4,0.36,2167571.200479,433267.656972,2023,2025,2,persistent_multi_year
MH-002_C119,MH-002,Gadchiroli,2,0.18,2167601.200479,434587.656972,2022,2023,1,single_year_candidate
MH-002_C120,MH-002,Gadchiroli,1,0.09,2167571.200479,434092.656972,2022,2023,1,single_year_candidate
MH-002_C121,MH-002,Gadchiroli,15,1.35,2167465.200479,431680.656972,2023,2024,1,single_year_candidate
MH-002_C122,MH-002,Gadchiroli,2,0.18,2167496.200479,431572.656972,2022,2024,2,persistent_multi_year
MH-002_C123,MH-002,Gadchiroli,1,0.09,2167511.200479,433582.656972,2022,2023,1,single_year_candidate
MH-002_C124,MH-002,Gadchiroli,2,0.18,2167496.200479,435067.656972,2023,2024,1,single_year_candidate
MH-002_C125,MH-002,Gadchiroli,1,0.09,2167481.200479,430822.656972,2024,2025,1,single_year_candidate
MH-002_C126,MH-002,Gadchiroli,39,3.51,2167328.123556,432995.733895,2022,2025,3,persistent_multi_year
MH-002_C127,MH-002,Gadchiroli,1,0.09,2167481.200479,434272.656972,2023,2024,1,single_year_candidate
MH-002_C128,MH-002,Gadchiroli,6,0.54,2167421.200479,430902.656972,2022,2024,1,single_year_candidate
MH-002_C129,MH-002,Gadchiroli,3,0.27,2167431.200479,434742.656972,2023,2024,1,single_year_candidate
MH-002_C130,MH-002,Gadchiroli,2,0.18,2167436.200479,435172.656972,2023,2024,1,single_year_candidate
MH-002_C131,MH-002,Gadchiroli,6,0.54,2167381.200479,431522.656972,2022,2024,1,single_year_candidate
MH-002_C132,MH-002,Gadchiroli,1,0.09,2167421.200479,432652.656972,2023,2024,1,single_year_candidate
MH-002_C133,MH-002,Gadchiroli,2,0.18,2167391.200479,433357.656972,2022,2023,1,single_year_candidate
MH-002_C134,MH-002,Gadchiroli,2,0.18,2167391.200479,433477.656972,2022,2023,1,single_year_candidate
MH-002_C135,MH-002,Gadchiroli,7,0.63,2167378.343336,433826.942686,2022,2023,1,single_year_candidate
MH-002_C136,MH-002,Gadchiroli,1,0.09,2167391.200479,433972.656972,2022,2023,1,single_year_candidate
MH-002_C137,MH-002,Gadchiroli,1,0.09,2167391.200479,434572.656972,2023,2024,1,single_year_candidate
MH-002_C138,MH-002,Gadchiroli,1,0.09,2167391.200479,434632.656972,2023,2024,1,single_year_candidate
MH-002_C139,MH-002,Gadchiroli,1,0.09,2167391.200479,435052.656972,2023,2024,1,single_year_candidate
MH-002_C140,MH-002,Gadchiroli,2,0.18,2167346.200479,432172.656972,2022,2023,1,single_year_candidate
MH-002_C141,MH-002,Gadchiroli,2,0.18,2167346.200479,432652.656972,2022,2023,1,single_year_candidate
MH-002_C142,MH-002,Gadchiroli,1,0.09,2167361.200479,434782.656972,2023,2024,1,single_year_candidate
MH-002_C143,MH-002,Gadchiroli,1,0.09,2167361.200479,434992.656972,2023,2024,1,single_year_candidate
MH-002_C144,MH-002,Gadchiroli,1,0.09,2167331.200479,434482.656972,2022,2023,1,single_year_candidate
MH-002_C145,MH-002,Gadchiroli,4,0.36,2167308.700479,434580.156972,2022,2024,2,persistent_multi_year
MH-002_C146,MH-002,Gadchiroli,19,1.71,2167209.621532,431113.183288,2022,2024,2,persistent_multi_year
MH-002_C147,MH-002,Gadchiroli,5,0.45,2167283.200479,433234.656972,2022,2024,1,single_year_candidate
MH-002_C148,MH-002,Gadchiroli,1,0.09,2167271.200479,433342.656972,2023,2024,1,single_year_candidate
MH-002_C149,MH-002,Gadchiroli,2,0.18,2167256.200479,434722.656972,2023,2024,1,single_year_candidate
MH-002_C150,MH-002,Gadchiroli,4,0.36,2167241.200479,430837.656972,2022,2023,1,single_year_candidate
MH-002_C151,MH-002,Gadchiroli,1,0.09,2167241.200479,434542.656972,2022,2023,1,single_year_candidate
MH-002_C152,MH-002,Gadchiroli,19,1.71,2167102.253110,435003.709604,2023,2024,1,single_year_candidate
MH-002_C153,MH-002,Gadchiroli,1,0.09,2167181.200479,431272.656972,2023,2024,1,single_year_candidate
MH-002_C154,MH-002,Gadchiroli,4,0.36,2167166.200479,434407.656972,2023,2024,1,single_year_candidate
MH-002_C155,MH-002,Gadchiroli,2,0.18,2167181.200479,434767.656972,2023,2024,1,single_year_candidate
MH-002_C156,MH-002,Gadchiroli,1,0.09,2167181.200479,434962.656972,2023,2024,1,single_year_candidate
MH-002_C157,MH-002,Gadchiroli,1,0.09,2167151.200479,432142.656972,2022,2023,1,single_year_candidate
MH-002_C158,MH-002,Gadchiroli,4,0.36,2167106.200479,431332.656972,2023,2024,1,single_year_candidate
MH-002_C159,MH-002,Gadchiroli,23,2.07,2166986.852653,434816.570016,2023,2024,1,single_year_candidate
MH-002_C160,MH-002,Gadchiroli,1,0.09,2167091.200479,433942.656972,2022,2023,1,single_year_candidate
MH-002_C161,MH-002,Gadchiroli,5,0.45,2167079.200479,435136.656972,2023,2024,1,single_year_candidate
MH-002_C162,MH-002,Gadchiroli,3,0.27,2167051.200479,432102.656972,2022,2023,1,single_year_candidate
MH-002_C163,MH-002,Gadchiroli,2,0.18,2167061.200479,434107.656972,2022,2023,1,single_year_candidate
MH-002_C164,MH-002,Gadchiroli,1,0.09,2167001.200479,431572.656972,2023,2024,1,single_year_candidate
MH-002_C165,MH-002,Gadchiroli,1,0.09,2167001.200479,432202.656972,2024,2025,1,single_year_candidate
MH-002_C166,MH-002,Gadchiroli,1,0.09,2166971.200479,434152.656972,2022,2023,1,single_year_candidate
MH-002_C167,MH-002,Gadchiroli,1,0.09,2166941.200479,431902.656972,2023,2024,1,single_year_candidate
MH-002_C168,MH-002,Gadchiroli,2,0.18,2166926.200479,432352.656972,2022,2023,1,single_year_candidate
MH-002_C169,MH-002,Gadchiroli,7,0.63,2166872.629050,430552.656972,2022,2023,1,single_year_candidate
MH-002_C170,MH-002,Gadchiroli,2,0.18,2166911.200479,435007.656972,2023,2024,1,single_year_candidate
MH-002_C171,MH-002,Gadchiroli,1,0.09,2166881.200479,431392.656972,2022,2023,1,single_year_candidate
MH-002_C172,MH-002,Gadchiroli,13,1.17,2166835.046633,431810.349280,2022,2025,2,persistent_multi_year
MH-002_C173,MH-002,Gadchiroli,7,0.63,2166829.771907,432172.656972,2021,2024,2,persistent_multi_year
MH-002_C174,MH-002,Gadchiroli,4,0.36,2166821.200479,430927.656972,2022,2023,1,single_year_candidate
MH-002_C175,MH-002,Gadchiroli,14,1.26,2166741.914765,432039.799829,2022,2025,2,persistent_multi_year
MH-002_C176,MH-002,Gadchiroli,4,0.36,2166761.200479,430417.656972,2022,2024,2,persistent_multi_year
MH-002_C177,MH-002,Gadchiroli,5,0.45,2166767.200479,430630.656972,2022,2023,1,single_year_candidate
MH-002_C178,MH-002,Gadchiroli,3,0.27,2166701.200479,430702.656972,2022,2023,1,single_year_candidate
MH-002_C179,MH-002,Gadchiroli,1,0.09,2166731.200479,432142.656972,2022,2023,1,single_year_candidate
MH-002_C180,MH-002,Gadchiroli,1,0.09,2166671.200479,430432.656972,2022,2023,1,single_year_candidate
MH-002_C181,MH-002,Gadchiroli,10,0.90,2166632.200479,431107.656972,2022,2023,1,single_year_candidate
MH-002_C182,MH-002,Gadchiroli,3,0.27,2166601.200479,430542.656972,2022,2023,1,single_year_candidate
MH-002_C183,MH-002,Gadchiroli,1,0.09,2166581.200479,431842.656972,2022,2023,1,single_year_candidate
MH-002_C184,MH-002,Gadchiroli,2,0.18,2166566.200479,432022.656972,2023,2024,1,single_year_candidate
MH-002_C185,MH-002,Gadchiroli,1,0.09,2166581.200479,432442.656972,2023,2024,1,single_year_candidate
MH-002_C186,MH-002,Gadchiroli,2,0.18,2166566.200479,432622.656972,2022,2023,1,single_year_candidate
MH-002_C187,MH-002,Gadchiroli,7,0.63,2166525.486193,431204.085544,2022,2023,1,single_year_candidate
MH-002_C188,MH-002,Gadchiroli,3,0.27,2166531.200479,432092.656972,2023,2024,1,single_year_candidate
MH-002_C189,MH-002,Gadchiroli,3,0.27,2166491.200479,431422.656972,2022,2023,1,single_year_candidate
MH-002_C190,MH-002,Gadchiroli,19,1.71,2166416.989953,430967.920130,2022,2024,2,persistent_multi_year
MH-002_C191,MH-002,Gadchiroli,5,0.45,2166467.200479,432514.656972,2022,2023,1,single_year_candidate
MH-002_C192,MH-002,Gadchiroli,2,0.18,2166461.200479,431077.656972,2021,2023,2,persistent_multi_year
MH-002_C193,MH-002,Gadchiroli,2,0.18,2166461.200479,432217.656972,2023,2024,1,single_year_candidate
MH-002_C194,MH-002,Gadchiroli,1,0.09,2166461.200479,432322.656972,2023,2024,1,single_year_candidate
MH-002_C195,MH-002,Gadchiroli,4,0.36,2166401.200479,432135.156972,2023,2024,1,single_year_candidate
MH-002_C196,MH-002,Gadchiroli,2,0.18,2166386.200479,431842.656972,2022,2023,1,single_year_candidate
MH-002_C197,MH-002,Gadchiroli,3,0.27,2166371.200479,432312.656972,2023,2024,1,single_year_candidate
MH-002_C198,MH-002,Gadchiroli,5,0.45,2166341.200479,431116.656972,2022,2023,1,single_year_candidate
MH-002_C199,MH-002,Gadchiroli,1,0.09,2166341.200479,431542.656972,2023,2024,1,single_year_candidate
MH-002_C200,MH-002,Gadchiroli,2,0.18,2166296.200479,430582.656972,2022,2023,1,single_year_candidate
MH-002_C201,MH-002,Gadchiroli,1,0.09,2166311.200479,431422.656972,2023,2024,1,single_year_candidate
MH-002_C202,MH-002,Gadchiroli,1,0.09,2166251.200479,431122.656972,2022,2023,1,single_year_candidate
MH-002_C203,MH-002,Gadchiroli,7,0.63,2166221.200479,431924.085544,2023,2024,1,single_year_candidate
MH-002_C204,MH-002,Gadchiroli,4,0.36,2166213.700479,431265.156972,2022,2023,1,single_year_candidate
MH-002_C205,MH-002,Gadchiroli,1,0.09,2166191.200479,431092.656972,2023,2024,1,single_year_candidate
MH-002_C206,MH-002,Gadchiroli,1,0.09,2166131.200479,431122.656972,2022,2023,1,single_year_candidate
MH-002_C207,MH-002,Gadchiroli,3,0.27,2166111.200479,432292.656972,2022,2023,1,single_year_candidate
MH-002_C208,MH-002,Gadchiroli,4,0.36,2166011.200479,431415.156972,2022,2023,1,single_year_candidate
MH-002_C209,MH-002,Gadchiroli,1,0.09,2166011.200479,430942.656972,2022,2023,1,single_year_candidate
MH-002_C210,MH-002,Gadchiroli,7,0.63,2165989.771907,432245.514115,2022,2023,1,single_year_candidate
MH-002_C211,MH-002,Gadchiroli,2,0.18,2165966.200479,431632.656972,2022,2023,1,single_year_candidate
MH-002_C212,MH-002,Gadchiroli,2,0.18,2165921.200479,430957.656972,2021,2023,2,persistent_multi_year
MH-002_C213,MH-002,Gadchiroli,1,0.09,2165921.200479,431092.656972,2022,2023,1,single_year_candidate
MH-002_C214,MH-002,Gadchiroli,1,0.09,2165921.200479,431362.656972,2022,2023,1,single_year_candidate
MH-002_C215,MH-002,Gadchiroli,1,0.09,2165891.200479,431032.656972,2022,2023,1,single_year_candidate
MH-002_C216,MH-002,Gadchiroli,2,0.18,2165861.200479,431407.656972,2021,2022,1,single_year_candidate
MH-002_C217,MH-002,Gadchiroli,1,0.09,2165831.200479,431302.656972,2022,2023,1,single_year_candidate
MH-002_C218,MH-002,Gadchiroli,1,0.09,2165801.200479,431242.656972,2022,2023,1,single_year_candidate
MH-002_C219,MH-002,Gadchiroli,1,0.09,2165741.200479,431272.656972,2022,2023,1,single_year_candidate
MH-002_C220,MH-002,Gadchiroli,4,0.36,2165681.200479,431160.156972,2021,2023,1,single_year_candidate
MH-003_C001,MH-003,Bhivpuri PSP,221,19.89,2095145.214832,336515.479942,2024,2025,1,single_year_candidate
MH-003_C002,MH-003,Bhivpuri PSP,3,0.27,2095339.920714,336341.543291,2024,2025,1,single_year_candidate
MH-003_C003,MH-003,Bhivpuri PSP,13,1.17,2095209.151484,336892.312522,2024,2025,1,single_year_candidate
MH-003_C004,MH-003,Bhivpuri PSP,5,0.45,2094743.920714,336757.543291,2024,2025,1,single_year_candidate
MH-003_C005,MH-003,Bhivpuri PSP,1,0.09,2094749.920714,336901.543291,2024,2025,1,single_year_candidate
