filename,relative_path,file_size_bytes,sha256
feature12a_source_manifest.csv,data/processed/modeling/dashboard/feature12a_source_manifest.csv,1525,935a821e48e58f4259f667bdb5534cd82f7428117e6d02c160b29e470ab38ca2
adr_001_dashboard_architecture.md,docs/dashboard/adr_001_dashboard_architecture.md,2931,c12e5be75309bd5af6f79feb985b02f5f99dc0b32116d7a9278e1cddc6f7f9d5
feature12a_api_contract.md,docs/dashboard/feature12a_api_contract.md,1919,5aaa10a51f7ec701fb622e3623b66f00fb6530ba4b28314012f18585e171d9e8
feature12a_architecture.md,docs/dashboard/feature12a_architecture.md,2760,dfef537d703fc4259b36d84a2e9e30eb284231454af6f847e60db9e6a3ac14ad
feature12a_data_contract.md,docs/dashboard/feature12a_data_contract.md,4180,ab60f1bb75de5d6d2e2407ecdf0ea910b64111a3026722068bbc7376a7e98f02
feature12a_implementation_plan.md,docs/dashboard/feature12a_implementation_plan.md,1566,c024364383880522a7e15071d4cfeaeb56ac809e6e7eb138f2839dfc60a8be4a
feature12a_map_specification.md,docs/dashboard/feature12a_map_specification.md,1416,ed888647b0645fedac80465f1225e44c954b5de411a255179ec9c715d04f2377
feature12a_provenance_specification.md,docs/dashboard/feature12a_provenance_specification.md,1312,761fabf01dfd69633990df7d47dd371b97ad15e3a34290174aae93a417c5eec5
feature12a_ui_information_architecture.md,docs/dashboard/feature12a_ui_information_architecture.md,2406,c8b2de79116697e770d071dc9bf88f8d8a962c393b655ec16046654d7582d6c9
