audit_parameter,target_criterion,measured_value,status
Patch Tensor Shape,"(15, 15, 6)","(15, 15, 6)",PASS
Bands Included,"B2, B3, B4, B8, B11, B12 Only",6 Bands Only,PASS
Target Leakage into Tensor,Zero Target Features in Tensor,Raw Reflectances Only,PASS
Historical Year Scope,2021-2025 Baseline Only,2021-2025 Only (2026=0),PASS
Monsoon Exclusion,June-October Excluded,June-October Excluded (0),PASS
Patch Footprint Spatial Overlap,0 Footprint Overlaps,20161 Bounding Box Overlaps,FAIL_PATCH_OVERLAP_DETECTED
Temporal Split Consistency,0 Coordinate Inconsistencies,0 Inconsistencies,PASS
Normalization Preprocessing,Train Split Only,Train Split Only,PASS
CNN Training Count,0 Models Trained,0 Models Trained,PASS
