project_id,project_name,year,row,col,latitude,longitude,confidence,spatial_block,spatial_split,B2,B3,B4,B8,B11,B12,NDVI,NDWI,NDBI
MH-001,Gondkhari,2021,40,36,21.171090,78.922433,0.56,MH-001_B1_1,train,1139.25,1443.00,1755.75,2477.00,2934.00,2349.00,0.1704,-0.2638,0.0845
MH-001,Gondkhari,2021,40,37,21.171090,78.922702,0.67,MH-001_B1_1,train,1102.00,1418.00,1692.50,2179.50,2742.00,2298.00,0.1258,-0.2117,0.1143
MH-001,Gondkhari,2021,40,38,21.171090,78.922972,0.44,MH-001_B1_1,train,1378.00,1755.50,1988.00,2451.00,2849.00,2465.00,0.1043,-0.1653,0.0751
MH-001,Gondkhari,2021,41,35,21.170821,78.922163,0.56,MH-001_B1_1,train,1379.00,1746.33,2133.33,2699.00,3056.00,2577.50,0.1171,-0.2143,0.0620
MH-001,Gondkhari,2021,41,36,21.170821,78.922433,0.89,MH-001_B1_1,train,1059.50,1405.00,1734.00,2187.67,2579.75,2171.60,0.1157,-0.2179,0.0822
MH-001,Gondkhari,2021,41,37,21.170821,78.922702,1.00,MH-001_B1_1,train,784.50,1043.75,1291.50,1766.00,2156.00,1755.00,0.1552,-0.2571,0.0994
MH-001,Gondkhari,2021,41,38,21.170821,78.922972,0.67,MH-001_B1_1,train,841.50,1062.00,1154.33,1676.67,1997.00,1596.00,0.1845,-0.2244,0.0872
MH-001,Gondkhari,2021,42,35,21.170551,78.922163,0.67,MH-001_B1_1,train,945.40,1250.75,1564.00,2082.50,2403.25,2044.33,0.1422,-0.2495,0.0715
MH-001,Gondkhari,2021,42,36,21.170551,78.922433,1.00,MH-001_B1_1,train,1052.00,1402.33,1758.00,2122.00,2426.00,2035.00,0.0938,-0.2042,0.0668
MH-001,Gondkhari,2021,42,37,21.170551,78.922702,1.00,MH-001_B1_1,train,1106.67,1452.33,1774.00,2231.17,2420.80,2060.50,0.1141,-0.2114,0.0408
MH-001,Gondkhari,2021,42,38,21.170551,78.922972,0.67,MH-001_B1_1,train,510.33,667.33,779.00,1578.00,1796.25,1251.00,0.3390,-0.4056,0.0647
MH-001,Gondkhari,2021,43,35,21.170282,78.922163,0.56,MH-001_B1_1,train,804.00,1084.00,1323.00,1774.00,2123.67,1732.75,0.1456,-0.2414,0.0897
MH-001,Gondkhari,2021,43,36,21.170282,78.922433,0.89,MH-001_B1_1,train,1146.67,1531.00,1922.00,2309.00,2513.00,2174.50,0.0915,-0.2026,0.0423
MH-001,Gondkhari,2021,43,37,21.170282,78.922702,1.00,MH-001_B1_1,train,1370.50,1779.00,2171.50,2553.33,2787.00,2462.00,0.0808,-0.1787,0.0438
MH-001,Gondkhari,2021,43,38,21.170282,78.922972,0.67,MH-001_B1_1,train,516.25,690.33,843.50,1669.33,2168.00,1458.00,0.3286,-0.4149,0.1300
MH-001,Gondkhari,2021,44,36,21.170012,78.922433,0.67,MH-001_B1_1,train,1091.00,1457.33,1833.67,2253.33,2514.25,2093.00,0.1027,-0.2145,0.0547
MH-001,Gondkhari,2021,44,37,21.170012,78.922702,0.89,MH-001_B1_1,train,1404.00,1829.00,2226.75,2652.50,2954.50,2613.00,0.0873,-0.1838,0.0539
MH-001,Gondkhari,2021,44,38,21.170012,78.922972,0.67,MH-001_B1_1,train,754.00,961.00,1210.00,2039.00,2580.00,2008.00,0.2552,-0.3593,0.1171
MH-001,Gondkhari,2021,45,37,21.169743,78.922702,0.56,MH-001_B1_1,train,1035.67,1332.00,1668.00,2069.67,2554.67,2130.00,0.1075,-0.2169,0.1049
MH-001,Gondkhari,2021,45,38,21.169743,78.922972,0.44,MH-001_B1_1,train,1403.67,1735.00,2006.50,2489.00,2838.00,2384.00,0.1073,-0.1785,0.0655
MH-001,Gondkhari,2021,65,37,21.164353,78.922702,0.56,MH-001_B1_1,train,1085.00,1353.50,1634.50,2365.00,2810.50,2362.50,0.1826,-0.2720,0.0861
MH-001,Gondkhari,2021,65,38,21.164353,78.922972,0.56,MH-001_B1_1,train,1099.00,1438.00,1797.50,2457.67,2917.00,2434.00,0.1551,-0.2617,0.0855
MH-001,Gondkhari,2021,66,36,21.164084,78.922433,0.67,MH-001_B1_1,train,1054.00,1386.33,1706.00,2265.50,2668.50,2312.50,0.1409,-0.2407,0.0817
MH-001,Gondkhari,2021,66,37,21.164084,78.922702,0.89,MH-001_B1_1,train,1164.50,1436.00,1793.00,2376.75,2742.33,2424.50,0.1400,-0.2467,0.0714
MH-001,Gondkhari,2021,66,38,21.164084,78.922972,0.89,MH-001_B1_1,train,1129.50,1461.50,1808.00,2411.50,2751.54,2459.50,0.1430,-0.2453,0.0659
MH-001,Gondkhari,2021,66,39,21.164084,78.923241,0.56,MH-001_B1_1,train,1114.00,1391.00,1782.00,2323.00,2770.00,2413.33,0.1318,-0.2509,0.0878
MH-001,Gondkhari,2021,67,35,21.163814,78.922163,0.62,MH-001_B1_1,train,886.00,1191.42,1492.50,2282.00,2571.75,2152.67,0.2092,-0.3140,0.0597
MH-001,Gondkhari,2021,67,36,21.163814,78.922433,0.89,MH-001_B1_1,train,1057.00,1467.25,1812.00,2248.80,2623.75,2281.00,0.1076,-0.2103,0.0770
MH-001,Gondkhari,2021,67,37,21.163814,78.922702,1.00,MH-001_B1_1,train,1073.50,1495.00,1764.00,2293.67,2617.50,2246.33,0.1305,-0.2108,0.0659
MH-001,Gondkhari,2021,67,38,21.163814,78.922972,1.00,MH-001_B1_1,train,1058.00,1405.00,1683.00,2124.50,2551.33,2122.50,0.1160,-0.2039,0.0913
MH-001,Gondkhari,2021,67,39,21.163814,78.923241,0.67,MH-001_B1_1,train,1042.50,1361.50,1707.50,2137.25,2608.00,2283.00,0.1118,-0.2217,0.0992
MH-001,Gondkhari,2021,68,35,21.163545,78.922163,0.86,MH-001_B1_1,train,818.25,1087.75,1269.33,2199.75,2429.00,1941.00,0.2682,-0.3383,0.0495
MH-001,Gondkhari,2021,68,36,21.163545,78.922433,1.00,MH-001_B1_1,train,1049.00,1328.50,1636.50,2250.75,2584.50,2186.50,0.1580,-0.2577,0.0690
MH-001,Gondkhari,2021,68,37,21.163545,78.922702,1.00,MH-001_B1_1,train,932.50,1250.00,1533.00,2168.00,2490.50,2007.50,0.1716,-0.2686,0.0692
MH-001,Gondkhari,2021,68,38,21.163545,78.922972,1.00,MH-001_B1_1,train,926.50,1186.33,1567.50,2158.75,2497.88,2052.00,0.1587,-0.2907,0.0728
MH-001,Gondkhari,2021,68,39,21.163545,78.923241,0.67,MH-001_B1_1,train,991.00,1359.00,1722.50,2083.00,2513.00,2100.00,0.0947,-0.2103,0.0936
MH-001,Gondkhari,2021,69,35,21.163275,78.922163,1.00,MH-001_B1_1,train,700.50,978.50,1115.00,1976.50,1962.00,1562.00,0.2787,-0.3377,-0.0037
MH-001,Gondkhari,2021,69,36,21.163275,78.922433,1.00,MH-001_B1_1,train,674.33,944.00,1059.67,1913.20,1956.00,1528.00,0.2871,-0.3392,0.0111
MH-001,Gondkhari,2021,69,37,21.163275,78.922702,1.00,MH-001_B1_1,train,785.00,1070.50,1217.00,1939.33,2088.50,1609.00,0.2289,-0.2887,0.0370
MH-001,Gondkhari,2021,69,38,21.163275,78.922972,1.00,MH-001_B1_1,train,865.00,1140.50,1358.75,2068.00,2287.50,1822.67,0.2070,-0.2891,0.0504
MH-001,Gondkhari,2021,69,39,21.163275,78.923241,0.67,MH-001_B1_1,train,938.75,1264.50,1614.00,2118.00,2544.33,2078.58,0.1350,-0.2523,0.0914
MH-001,Gondkhari,2021,73,51,21.162197,78.926475,0.56,MH-001_B1_2,train,881.00,1134.20,1437.50,1801.05,2291.60,1786.33,0.1123,-0.2272,0.1199
MH-001,Gondkhari,2021,73,52,21.162197,78.926744,0.67,MH-001_B1_2,train,866.33,1140.50,1436.75,1796.00,2344.00,1891.00,0.1111,-0.2232,0.1324
MH-001,Gondkhari,2021,73,53,21.162197,78.927014,0.44,MH-001_B1_2,train,1243.67,1564.33,1946.33,2354.50,2747.50,2387.50,0.0949,-0.2016,0.0770
MH-001,Gondkhari,2021,74,49,21.161928,78.925936,0.44,MH-001_B2_2,train,750.00,1010.67,1267.50,1763.75,2204.50,1678.00,0.1637,-0.2714,0.1111
MH-001,Gondkhari,2021,74,50,21.161928,78.926205,0.78,MH-001_B2_2,train,780.50,1084.50,1437.00,1916.67,2340.50,1882.00,0.1430,-0.2773,0.0996
MH-001,Gondkhari,2021,74,51,21.161928,78.926475,0.89,MH-001_B2_2,train,1047.75,1331.50,1718.00,2153.50,2570.75,2162.50,0.1125,-0.2359,0.0883
MH-001,Gondkhari,2021,74,52,21.161928,78.926744,1.00,MH-001_B2_2,train,1195.00,1513.00,1886.00,2260.00,2698.60,2346.33,0.0902,-0.1980,0.0885
MH-001,Gondkhari,2021,74,53,21.161928,78.927014,0.67,MH-001_B2_2,train,1153.67,1559.83,1954.50,2406.00,2812.17,2474.25,0.1035,-0.2134,0.0778
MH-001,Gondkhari,2021,75,49,21.161658,78.925936,0.67,MH-001_B2_2,train,684.33,948.67,1226.50,1796.00,2281.50,1739.50,0.1884,-0.3087,0.1191
MH-001,Gondkhari,2021,75,50,21.161658,78.926205,1.00,MH-001_B2_2,train,988.50,1308.00,1684.25,2066.25,2484.00,2100.00,0.1019,-0.2247,0.0918
MH-001,Gondkhari,2021,75,51,21.161658,78.926475,1.00,MH-001_B2_2,train,1389.50,1727.00,2065.00,2417.12,2702.50,2392.75,0.0786,-0.1665,0.0557
MH-001,Gondkhari,2021,75,52,21.161658,78.926744,1.00,MH-001_B2_2,train,1093.33,1439.00,1811.67,2292.00,2683.50,2343.75,0.1170,-0.2286,0.0787
MH-001,Gondkhari,2021,75,53,21.161658,78.927014,0.67,MH-001_B2_2,train,969.50,1339.00,1775.00,2157.00,2540.67,2206.00,0.0972,-0.2340,0.0817
MH-001,Gondkhari,2021,76,49,21.161389,78.925936,0.67,MH-001_B2_2,train,1189.00,1475.33,1835.25,2231.00,2499.00,2164.50,0.0973,-0.2039,0.0567
MH-001,Gondkhari,2021,76,50,21.161389,78.926205,1.00,MH-001_B2_2,train,1050.50,1422.00,1817.50,2156.00,2491.67,2160.50,0.0852,-0.2051,0.0722
MH-001,Gondkhari,2021,76,51,21.161389,78.926475,1.00,MH-001_B2_2,train,857.50,1219.75,1590.00,1916.00,2331.00,1972.50,0.0930,-0.2220,0.0977
MH-001,Gondkhari,2021,76,52,21.161389,78.926744,0.89,MH-001_B2_2,train,914.75,1244.00,1604.60,1964.50,2317.00,1967.50,0.1008,-0.2246,0.0823
MH-001,Gondkhari,2021,76,53,21.161389,78.927014,0.56,MH-001_B2_2,train,912.25,1260.50,1669.75,1971.75,2244.00,1903.33,0.0829,-0.2200,0.0646
MH-001,Gondkhari,2021,77,49,21.161119,78.925936,0.44,MH-001_B2_2,train,1105.00,1478.00,1812.67,2147.40,2484.50,2149.33,0.0845,-0.1846,0.0728
MH-001,Gondkhari,2021,77,50,21.161119,78.926205,0.67,MH-001_B2_2,train,858.86,1197.00,1641.00,1948.50,2339.33,1979.78,0.0857,-0.2389,0.0911
MH-001,Gondkhari,2021,77,51,21.161119,78.926475,0.67,MH-001_B2_2,train,866.75,1203.17,1601.67,1932.00,2250.20,1882.00,0.0935,-0.2325,0.0761
MH-001,Gondkhari,2021,77,52,21.161119,78.926744,0.56,MH-001_B2_2,train,875.00,1214.83,1552.00,1840.50,2114.50,1770.50,0.0850,-0.2048,0.0693
MH-001,Gondkhari,2021,83,41,21.159502,78.923780,0.11,MH-001_B2_1,train,1016.75,1268.67,1554.33,1870.75,2071.75,1777.33,0.0924,-0.1918,0.0510
MH-001,Gondkhari,2021,141,49,21.143871,78.925936,0.33,MH-001_B3_2,train,761.83,1011.83,1335.67,1847.43,2744.50,2246.00,0.1608,-0.2922,0.1954
MH-001,Gondkhari,2021,141,50,21.143871,78.926205,0.50,MH-001_B3_2,train,798.25,1032.21,1379.75,1895.92,2803.00,2280.00,0.1576,-0.2950,0.1930
MH-001,Gondkhari,2021,141,51,21.143871,78.926475,0.50,MH-001_B3_2,train,755.88,995.50,1330.33,1880.79,2846.25,2308.75,0.1714,-0.3078,0.2042
MH-001,Gondkhari,2021,141,52,21.143871,78.926744,0.50,MH-001_B3_2,train,764.17,987.50,1331.25,1884.50,2799.75,2301.50,0.1720,-0.3123,0.1954
MH-001,Gondkhari,2021,141,53,21.143871,78.927014,0.33,MH-001_B3_2,train,764.50,985.67,1323.75,1861.00,2703.00,2225.50,0.1687,-0.3075,0.1845
MH-001,Gondkhari,2022,28,14,21.174324,78.916504,0.22,MH-001_B0_0,train,786.67,1092.00,1345.00,2225.00,2251.75,1805.00,0.2465,-0.3416,0.0060
MH-001,Gondkhari,2022,29,14,21.174055,78.916504,0.38,MH-001_B0_0,train,810.33,1108.33,1360.67,2196.00,2276.67,1795.00,0.2349,-0.3292,0.0180
MH-001,Gondkhari,2022,30,14,21.173785,78.916504,0.29,MH-001_B0_0,train,836.50,1147.50,1406.00,2242.50,2308.00,1856.00,0.2293,-0.3230,0.0144
MH-001,Gondkhari,2022,40,36,21.171090,78.922433,0.33,MH-001_B1_1,train,1067.00,1363.25,1700.00,2540.33,2940.00,2355.50,0.1982,-0.3015,0.0729
MH-001,Gondkhari,2022,40,37,21.171090,78.922702,0.33,MH-001_B1_1,train,1068.67,1362.75,1662.50,2332.00,2865.00,2371.50,0.1676,-0.2623,0.1026
MH-001,Gondkhari,2022,41,36,21.170821,78.922433,0.56,MH-001_B1_1,train,1074.33,1417.50,1764.67,2290.00,2753.00,2293.00,0.1296,-0.2353,0.0918
MH-001,Gondkhari,2022,42,36,21.170551,78.922433,0.56,MH-001_B1_1,train,1037.00,1353.00,1685.00,2161.50,2491.50,2052.50,0.1239,-0.2300,0.0709
MH-001,Gondkhari,2022,42,37,21.170551,78.922702,0.67,MH-001_B1_1,train,1027.00,1329.50,1660.00,2219.80,2486.00,2058.50,0.1443,-0.2508,0.0566
MH-001,Gondkhari,2022,43,36,21.170282,78.922433,0.67,MH-001_B1_1,train,1121.50,1462.00,1826.75,2321.60,2522.75,2106.33,0.1193,-0.2272,0.0415
MH-001,Gondkhari,2022,43,37,21.170282,78.922702,0.89,MH-001_B1_1,train,1269.50,1629.00,1970.00,2473.50,2659.38,2267.50,0.1133,-0.2059,0.0362
MH-001,Gondkhari,2022,43,38,21.170282,78.922972,0.56,MH-001_B1_1,train,484.33,662.00,763.00,1567.08,1952.67,1441.00,0.3451,-0.4060,0.1095
MH-001,Gondkhari,2022,44,36,21.170012,78.922433,0.44,MH-001_B1_1,train,1136.50,1502.00,1887.00,2383.00,2579.00,2171.33,0.1162,-0.2268,0.0395
MH-001,Gondkhari,2022,44,37,21.170012,78.922702,0.67,MH-001_B1_1,train,1435.00,1867.50,2276.75,2763.67,2939.67,2561.83,0.0966,-0.1935,0.0309
MH-001,Gondkhari,2022,44,38,21.170012,78.922972,0.44,MH-001_B1_1,train,606.00,824.00,1021.50,1800.75,2279.00,1704.00,0.2761,-0.3721,0.1172
MH-001,Gondkhari,2022,62,19,21.165161,78.917851,0.11,MH-001_B1_0,train,548.50,755.29,1104.50,1667.50,2291.50,1875.25,0.2031,-0.3765,0.1576
MH-001,Gondkhari,2022,65,36,21.164353,78.922433,0.56,MH-001_B1_1,train,1320.00,1659.00,1961.00,2475.50,2756.00,2370.00,0.1160,-0.1975,0.0536
MH-001,Gondkhari,2022,65,37,21.164353,78.922702,0.67,MH-001_B1_1,train,1114.80,1421.50,1772.00,2332.33,2723.00,2360.50,0.1365,-0.2426,0.0773
MH-001,Gondkhari,2022,65,38,21.164353,78.922972,0.67,MH-001_B1_1,train,1116.50,1451.50,1861.50,2396.00,2739.50,2316.00,0.1255,-0.2455,0.0669
MH-001,Gondkhari,2022,65,39,21.164353,78.923241,0.56,MH-001_B1_1,train,748.00,1001.00,1269.50,2069.00,2606.00,2085.50,0.2395,-0.3479,0.1149
MH-001,Gondkhari,2022,66,35,21.164084,78.922163,0.67,MH-001_B1_1,train,789.50,1058.33,1287.00,2164.00,2536.25,2012.00,0.2541,-0.3431,0.0792
MH-001,Gondkhari,2022,66,36,21.164084,78.922433,0.88,MH-001_B1_1,train,1196.33,1545.67,1885.50,2216.33,2548.00,2236.50,0.0807,-0.1783,0.0696
MH-001,Gondkhari,2022,66,37,21.164084,78.922702,1.00,MH-001_B1_1,train,1210.33,1561.00,1939.50,2340.00,2521.33,2210.00,0.0936,-0.1997,0.0373
MH-001,Gondkhari,2022,66,38,21.164084,78.922972,1.00,MH-001_B1_1,train,1130.75,1464.00,1778.00,2090.00,2347.50,2026.00,0.0807,-0.1761,0.0580
MH-001,Gondkhari,2022,66,39,21.164084,78.923241,0.89,MH-001_B1_1,train,1032.00,1291.00,1577.00,1985.33,2179.50,1772.00,0.1146,-0.2119,0.0466
MH-001,Gondkhari,2022,66,40,21.164084,78.923510,0.67,MH-001_B1_1,train,998.50,1270.00,1542.00,2000.33,2251.67,1835.00,0.1294,-0.2233,0.0591
MH-001,Gondkhari,2022,67,36,21.163814,78.922433,1.00,MH-001_B1_1,train,1098.50,1424.00,1720.00,1996.00,2188.00,1905.00,0.0743,-0.1673,0.0459
MH-001,Gondkhari,2022,67,37,21.163814,78.922702,1.00,MH-001_B1_1,train,981.00,1177.50,1405.00,1718.00,2003.00,1769.00,0.1002,-0.1867,0.0766
MH-001,Gondkhari,2022,67,38,21.163814,78.922972,1.00,MH-001_B1_1,train,1024.00,1361.67,1611.00,1942.50,2073.67,1813.00,0.0933,-0.1758,0.0327
MH-001,Gondkhari,2022,67,39,21.163814,78.923241,1.00,MH-001_B1_1,train,1008.50,1280.50,1550.50,1881.50,2073.00,1693.00,0.0964,-0.1901,0.0484
MH-001,Gondkhari,2022,67,40,21.163814,78.923510,0.89,MH-001_B1_1,train,1029.00,1313.50,1594.50,1961.33,2128.00,1732.00,0.1032,-0.1978,0.0408
MH-001,Gondkhari,2022,67,41,21.163814,78.923780,0.56,MH-001_B1_1,train,1050.00,1326.00,1610.67,2017.00,2258.67,1851.00,0.1120,-0.2067,0.0565
MH-001,Gondkhari,2022,68,38,21.163545,78.922972,1.00,MH-001_B1_1,train,857.00,1116.00,1254.00,1506.00,1687.00,1411.00,0.0913,-0.1487,0.0567
MH-001,Gondkhari,2022,68,39,21.163545,78.923241,1.00,MH-001_B1_1,train,1046.67,1363.75,1659.00,1940.00,2153.00,1877.00,0.0781,-0.1744,0.0520
MH-001,Gondkhari,2022,68,40,21.163545,78.923510,1.00,MH-001_B1_1,train,1082.00,1387.00,1675.33,1977.00,2164.40,1856.83,0.0826,-0.1754,0.0453
MH-001,Gondkhari,2022,68,41,21.163545,78.923780,0.62,MH-001_B1_1,train,760.00,1005.50,1274.50,1915.00,2294.00,1890.60,0.2008,-0.3114,0.0900
MH-001,Gondkhari,2022,69,41,21.163275,78.923780,0.50,MH-001_B1_1,train,741.00,957.00,1223.00,1885.50,2316.00,1877.50,0.2131,-0.3266,0.1025
MH-001,Gondkhari,2022,72,51,21.162467,78.926475,0.56,MH-001_B1_2,train,746.50,994.25,1266.67,1708.20,2305.50,1803.33,0.1484,-0.2642,0.1488
MH-001,Gondkhari,2022,72,52,21.162467,78.926744,0.67,MH-001_B1_2,train,810.20,1079.38,1347.00,1762.75,2251.00,1813.20,0.1337,-0.2404,0.1216
MH-001,Gondkhari,2022,72,53,21.162467,78.927014,0.56,MH-001_B1_2,train,691.12,957.50,1216.75,1865.33,2564.50,2020.50,0.2104,-0.3216,0.1578
MH-001,Gondkhari,2022,73,50,21.162197,78.926205,0.67,MH-001_B1_2,train,765.00,1006.50,1313.60,1824.00,2307.75,1790.00,0.1627,-0.2888,0.1171
MH-001,Gondkhari,2022,73,51,21.162197,78.926475,0.89,MH-001_B1_2,train,916.50,1218.00,1516.50,1853.00,2178.50,1759.00,0.0999,-0.2068,0.0807
MH-001,Gondkhari,2022,73,52,21.162197,78.926744,1.00,MH-001_B1_2,train,891.92,1181.25,1475.40,1807.08,2237.00,1887.00,0.1010,-0.2094,0.1063
MH-001,Gondkhari,2022,73,53,21.162197,78.927014,0.78,MH-001_B1_2,train,1374.00,1717.00,2099.17,2467.00,2806.00,2521.00,0.0806,-0.1793,0.0643
MH-001,Gondkhari,2022,73,54,21.162197,78.927283,0.44,MH-001_B1_2,train,1139.42,1528.25,1918.75,2347.75,2717.00,2374.25,0.1006,-0.2114,0.0729
MH-001,Gondkhari,2022,74,49,21.161928,78.925936,0.67,MH-001_B2_2,train,797.50,1066.25,1329.00,1626.83,1964.50,1606.00,0.1008,-0.2082,0.0940
MH-001,Gondkhari,2022,74,50,21.161928,78.926205,0.89,MH-001_B2_2,train,869.50,1204.50,1533.00,1971.50,2252.00,1859.67,0.1251,-0.2415,0.0664
MH-001,Gondkhari,2022,74,51,21.161928,78.926475,1.00,MH-001_B2_2,train,1136.50,1466.20,1787.00,2153.50,2536.83,2226.50,0.0930,-0.1899,0.0817
MH-001,Gondkhari,2022,74,52,21.161928,78.926744,1.00,MH-001_B2_2,train,1346.00,1654.00,2009.67,2366.00,2729.50,2416.75,0.0814,-0.1771,0.0713
MH-001,Gondkhari,2022,74,53,21.161928,78.927014,0.89,MH-001_B2_2,train,1214.75,1635.75,2097.00,2468.50,2808.83,2506.00,0.0814,-0.2029,0.0645
MH-001,Gondkhari,2022,75,48,21.161658,78.925666,0.56,MH-001_B2_2,train,967.50,1336.00,1669.50,1924.00,2103.67,1788.00,0.0708,-0.1804,0.0446
MH-001,Gondkhari,2022,75,49,21.161658,78.925936,0.89,MH-001_B2_2,train,754.00,1033.00,1323.33,1667.67,1985.00,1619.33,0.1151,-0.2350,0.0869
MH-001,Gondkhari,2022,75,50,21.161658,78.926205,1.00,MH-001_B2_2,train,1080.00,1426.00,1804.00,2107.33,2420.00,2091.80,0.0776,-0.1928,0.0691
MH-001,Gondkhari,2022,75,51,21.161658,78.926475,1.00,MH-001_B2_2,train,1521.00,1877.25,2251.50,2548.00,2717.50,2435.50,0.0618,-0.1516,0.0322
MH-001,Gondkhari,2022,75,52,21.161658,78.926744,1.00,MH-001_B2_2,train,1187.75,1554.67,1945.67,2381.50,2706.50,2392.25,0.1007,-0.2101,0.0639
MH-001,Gondkhari,2022,75,53,21.161658,78.927014,0.89,MH-001_B2_2,train,1003.08,1342.00,1728.50,2076.00,2399.17,2047.25,0.0913,-0.2147,0.0722
MH-001,Gondkhari,2022,75,54,21.161658,78.927283,0.56,MH-001_B2_2,train,833.50,1134.50,1416.00,1851.33,2355.50,1947.40,0.1332,-0.2401,0.1198
MH-001,Gondkhari,2022,76,48,21.161389,78.925666,0.67,MH-001_B2_2,train,723.17,1028.50,1283.50,1778.50,2171.50,1805.00,0.1617,-0.2672,0.0995
MH-001,Gondkhari,2022,76,49,21.161389,78.925936,1.00,MH-001_B2_2,train,1340.33,1693.00,2043.20,2394.25,2550.75,2278.00,0.0791,-0.1716,0.0316
MH-001,Gondkhari,2022,76,50,21.161389,78.926205,1.00,MH-001_B2_2,train,1079.00,1460.00,1821.50,2137.67,2387.50,2093.50,0.0799,-0.1884,0.0552
MH-001,Gondkhari,2022,76,51,21.161389,78.926475,1.00,MH-001_B2_2,train,920.50,1267.50,1624.50,1924.88,2205.50,1883.25,0.0846,-0.2059,0.0679
MH-001,Gondkhari,2022,76,52,21.161389,78.926744,1.00,MH-001_B2_2,train,965.50,1319.50,1682.80,2013.00,2242.00,1911.33,0.0893,-0.2081,0.0538
MH-001,Gondkhari,2022,76,53,21.161389,78.927014,1.00,MH-001_B2_2,train,906.83,1237.50,1613.75,1897.00,2120.50,1835.50,0.0807,-0.2104,0.0556
MH-001,Gondkhari,2022,76,54,21.161389,78.927283,0.67,MH-001_B2_2,train,867.50,1201.00,1495.50,1944.25,2340.00,1937.25,0.1305,-0.2363,0.0924
MH-001,Gondkhari,2022,77,48,21.161119,78.925666,0.44,MH-001_B2_2,train,1169.50,1490.00,1830.00,2236.00,2527.00,2185.67,0.0999,-0.2002,0.0611
MH-001,Gondkhari,2022,77,49,21.161119,78.925936,0.67,MH-001_B2_2,train,1112.00,1498.00,1884.00,2240.00,2522.00,2257.67,0.0863,-0.1985,0.0592
MH-001,Gondkhari,2022,77,50,21.161119,78.926205,0.78,MH-001_B2_2,train,860.50,1204.50,1572.80,1858.00,2122.50,1811.00,0.0831,-0.2134,0.0664
MH-001,Gondkhari,2022,77,51,21.161119,78.926475,0.89,MH-001_B2_2,train,923.20,1265.00,1632.00,1924.00,2052.33,1702.00,0.0821,-0.2066,0.0323
MH-001,Gondkhari,2022,77,52,21.161119,78.926744,1.00,MH-001_B2_2,train,786.00,1072.50,1299.75,1615.58,1878.00,1586.75,0.1083,-0.2020,0.0751
MH-001,Gondkhari,2022,77,53,21.161119,78.927014,0.89,MH-001_B2_2,train,846.00,1165.50,1502.83,1843.00,2039.00,1778.50,0.1017,-0.2252,0.0505
MH-001,Gondkhari,2022,77,54,21.161119,78.927283,0.56,MH-001_B2_2,train,892.75,1226.33,1535.00,1907.00,2245.00,1907.00,0.1081,-0.2172,0.0814
MH-001,Gondkhari,2022,78,51,21.160850,78.926475,0.56,MH-001_B2_2,train,662.67,913.00,1132.50,1738.50,2111.08,1674.50,0.2111,-0.3113,0.0968
MH-001,Gondkhari,2022,78,52,21.160850,78.926744,0.67,MH-001_B2_2,train,896.50,1251.50,1600.17,1892.60,2087.80,1804.00,0.0837,-0.2039,0.0490
MH-001,Gondkhari,2022,78,53,21.160850,78.927014,0.56,MH-001_B2_2,train,1014.33,1338.50,1689.00,1970.50,2214.00,1947.25,0.0769,-0.1910,0.0582
MH-001,Gondkhari,2022,82,42,21.159772,78.924049,0.33,MH-001_B2_2,train,891.50,1159.17,1453.00,1864.20,2106.33,1790.00,0.1240,-0.2332,0.0610
MH-001,Gondkhari,2022,83,41,21.159502,78.923780,0.33,MH-001_B2_1,train,1108.25,1369.38,1641.33,1981.33,2230.17,1907.00,0.0939,-0.1826,0.0591
MH-001,Gondkhari,2022,83,42,21.159502,78.924049,0.33,MH-001_B2_2,train,865.00,1164.50,1420.00,2101.00,2347.50,1980.67,0.1934,-0.2868,0.0554
MH-001,Gondkhari,2022,114,17,21.151148,78.917312,0.43,MH-001_B3_0,train,833.00,1097.00,1401.00,1865.50,2512.62,2220.20,0.1422,-0.2594,0.1478
MH-001,Gondkhari,2022,114,18,21.151148,78.917582,0.38,MH-001_B3_0,train,1310.00,1609.00,1895.75,2261.00,2718.25,2552.67,0.0879,-0.1685,0.0918
MH-001,Gondkhari,2022,115,17,21.150878,78.917312,0.33,MH-001_B3_0,train,710.00,958.67,1235.00,1820.00,2453.00,2104.33,0.1915,-0.3100,0.1481
MH-001,Gondkhari,2022,135,40,21.145488,78.923510,0.33,MH-001_B3_1,train,498.75,639.25,842.00,1170.20,1743.75,1660.67,0.1631,-0.2934,0.1968
MH-001,Gondkhari,2022,136,39,21.145219,78.923241,0.44,MH-001_B3_1,train,499.00,652.00,871.00,1207.75,1819.00,1714.40,0.1620,-0.2988,0.2019
MH-001,Gondkhari,2022,136,40,21.145219,78.923510,0.56,MH-001_B3_1,train,511.50,659.50,894.00,1244.00,1824.90,1725.67,0.1637,-0.3071,0.1893
MH-001,Gondkhari,2022,137,40,21.144949,78.923510,0.44,MH-001_B3_1,train,505.33,663.33,887.75,1243.20,1865.25,1751.33,0.1668,-0.3041,0.2001
MH-001,Gondkhari,2022,137,41,21.144949,78.923780,0.44,MH-001_B3_1,train,509.00,672.50,909.00,1264.04,1896.83,1753.67,0.1634,-0.3055,0.2002
MH-001,Gondkhari,2022,137,42,21.144949,78.924049,0.22,MH-001_B3_2,train,533.50,700.50,925.67,1311.50,1935.50,1797.50,0.1725,-0.3037,0.1922
MH-001,Gondkhari,2022,141,48,21.143871,78.925666,0.33,MH-001_B3_2,train,685.00,874.00,1181.00,1792.00,2690.00,2225.75,0.2055,-0.3443,0.2004
MH-001,Gondkhari,2022,141,49,21.143871,78.925936,0.50,MH-001_B3_2,train,693.00,901.50,1189.60,1736.00,2671.00,2194.50,0.1868,-0.3164,0.2122
MH-001,Gondkhari,2022,141,50,21.143871,78.926205,0.50,MH-001_B3_2,train,716.75,906.00,1218.00,1821.50,2730.17,2245.00,0.1986,-0.3357,0.1996
MH-001,Gondkhari,2022,141,51,21.143871,78.926475,0.50,MH-001_B3_2,train,672.75,877.00,1169.80,1803.00,2784.00,2290.20,0.2130,-0.3455,0.2139
MH-001,Gondkhari,2022,141,52,21.143871,78.926744,0.50,MH-001_B3_2,train,697.25,889.00,1200.75,1821.00,2801.50,2300.50,0.2053,-0.3439,0.2121
MH-001,Gondkhari,2022,141,53,21.143871,78.927014,0.33,MH-001_B3_2,train,690.00,897.67,1200.00,1806.33,2713.00,2225.50,0.2017,-0.3360,0.2006
MH-001,Gondkhari,2022,174,43,21.134978,78.924319,0.20,MH-001_B4_2,train,1159.00,1532.33,1917.50,2469.00,2525.50,2084.50,0.1257,-0.2341,0.0113
MH-001,Gondkhari,2023,44,37,21.170012,78.922702,0.22,MH-001_B1_1,train,1387.00,1779.67,2210.67,2643.00,2980.75,2597.62,0.0891,-0.1952,0.0601
MH-001,Gondkhari,2023,44,38,21.170012,78.922972,0.22,MH-001_B1_1,train,603.33,834.50,1116.50,2123.67,2415.50,1741.00,0.3108,-0.4358,0.0643
MH-001,Gondkhari,2023,59,68,21.165970,78.931056,0.38,MH-001_B1_3,val,1123.33,1405.50,1744.50,2281.33,2682.00,2290.00,0.1333,-0.2376,0.0807
MH-001,Gondkhari,2023,60,68,21.165700,78.931056,0.67,MH-001_B1_3,val,1306.00,1568.50,1923.40,2201.00,2530.08,2305.00,0.0673,-0.1678,0.0696
MH-001,Gondkhari,2023,60,69,21.165700,78.931326,0.86,MH-001_B1_3,val,1593.50,1904.00,2194.00,2400.67,2690.50,2475.50,0.0450,-0.1154,0.0569
MH-001,Gondkhari,2023,61,67,21.165431,78.930787,0.67,MH-001_B1_3,val,1430.00,1658.00,1959.75,2223.50,2534.25,2362.38,0.0630,-0.1457,0.0653
MH-001,Gondkhari,2023,61,68,21.165431,78.931056,0.89,MH-001_B1_3,val,1297.00,1581.92,1924.67,2275.50,2595.33,2388.83,0.0835,-0.1798,0.0657
MH-001,Gondkhari,2023,61,69,21.165431,78.931326,1.00,MH-001_B1_3,val,1058.50,1404.25,1727.00,2293.00,2703.50,2317.00,0.1408,-0.2404,0.0822
MH-001,Gondkhari,2023,61,70,21.165431,78.931595,1.00,MH-001_B1_3,val,881.00,1163.00,1576.00,2255.83,2850.25,2340.33,0.1774,-0.3197,0.1164
MH-001,Gondkhari,2023,62,66,21.165161,78.930517,0.33,MH-001_B1_3,val,1444.50,1692.50,2008.50,2242.17,2541.75,2330.00,0.0550,-0.1397,0.0626
MH-001,Gondkhari,2023,62,67,21.165161,78.930787,0.56,MH-001_B1_3,val,1621.90,1921.00,2159.75,2348.00,2601.00,2430.00,0.0418,-0.1000,0.0511
MH-001,Gondkhari,2023,62,68,21.165161,78.931056,0.78,MH-001_B1_3,val,1120.67,1429.17,1768.00,2189.00,2579.50,2273.50,0.1064,-0.2100,0.0819
MH-001,Gondkhari,2023,62,69,21.165161,78.931326,0.89,MH-001_B1_3,val,892.75,1168.67,1589.00,2338.00,2764.67,2292.10,0.1907,-0.3335,0.0836
MH-001,Gondkhari,2023,62,70,21.165161,78.931595,0.86,MH-001_B1_3,val,811.00,1064.50,1453.67,2193.67,2898.00,2293.67,0.2029,-0.3466,0.1383
MH-001,Gondkhari,2023,63,69,21.164892,78.931326,0.67,MH-001_B1_3,val,858.25,1152.50,1603.50,2344.20,2758.50,2363.75,0.1876,-0.3408,0.0812
MH-001,Gondkhari,2023,63,70,21.164892,78.931595,0.62,MH-001_B1_3,val,904.00,1206.33,1663.75,2398.50,2882.17,2430.50,0.1809,-0.3307,0.0916
MH-001,Gondkhari,2023,64,70,21.164623,78.931595,0.33,MH-001_B1_3,val,914.00,1200.00,1564.25,2308.50,2812.25,2263.25,0.1922,-0.3159,0.0984
MH-001,Gondkhari,2023,66,36,21.164084,78.922433,0.50,MH-001_B1_1,train,1110.00,1473.00,1742.25,2195.00,2602.50,2244.00,0.1150,-0.1968,0.0849
MH-001,Gondkhari,2023,66,37,21.164084,78.922702,0.56,MH-001_B1_1,train,1060.50,1388.33,1657.25,2187.00,2546.00,2172.00,0.1378,-0.2234,0.0759
MH-001,Gondkhari,2023,66,39,21.164084,78.923241,0.33,MH-001_B1_1,train,998.50,1256.67,1556.50,2034.50,2325.33,1886.50,0.1331,-0.2363,0.0667
MH-001,Gondkhari,2023,67,36,21.163814,78.922433,0.80,MH-001_B1_1,train,964.00,1282.67,1555.60,1987.67,2164.25,1841.50,0.1219,-0.2156,0.0425
MH-001,Gondkhari,2023,67,37,21.163814,78.922702,0.83,MH-001_B1_1,train,862.50,1172.00,1419.50,1892.00,2052.50,1682.00,0.1427,-0.2350,0.0407
MH-001,Gondkhari,2023,67,38,21.163814,78.922972,0.86,MH-001_B1_1,train,949.00,1266.25,1532.00,1995.00,2186.50,1793.50,0.1313,-0.2235,0.0458
MH-001,Gondkhari,2023,67,39,21.163814,78.923241,0.62,MH-001_B1_1,train,986.00,1257.67,1525.17,1914.50,2243.00,1848.50,0.1132,-0.2071,0.0790
MH-001,Gondkhari,2023,68,39,21.163545,78.923241,0.83,MH-001_B1_1,train,1005.33,1341.00,1634.00,2059.75,2357.00,2012.00,0.1153,-0.2114,0.0673
MH-001,Gondkhari,2023,68,40,21.163545,78.923510,0.50,MH-001_B1_1,train,1057.25,1408.00,1711.50,2100.33,2411.00,2089.17,0.1020,-0.1973,0.0689
MH-001,Gondkhari,2023,69,40,21.163275,78.923510,0.50,MH-001_B1_1,train,958.75,1300.00,1577.00,2021.25,2220.00,1882.50,0.1235,-0.2172,0.0469
MH-001,Gondkhari,2023,70,57,21.163006,78.928092,0.22,MH-001_B1_2,train,1318.50,1703.50,2144.33,2532.00,2767.75,2452.50,0.0829,-0.1956,0.0445
MH-001,Gondkhari,2023,71,56,21.162736,78.927822,0.33,MH-001_B1_2,train,1284.50,1692.50,2103.83,2538.00,2787.17,2494.50,0.0935,-0.1999,0.0468
MH-001,Gondkhari,2023,72,51,21.162467,78.926475,0.56,MH-001_B1_2,train,816.00,1080.50,1416.50,1836.33,2254.50,1772.33,0.1291,-0.2591,0.1022
MH-001,Gondkhari,2023,72,52,21.162467,78.926744,0.67,MH-001_B1_2,train,873.50,1162.00,1484.00,1807.67,2161.33,1780.50,0.0983,-0.2174,0.0891
MH-001,Gondkhari,2023,72,53,21.162467,78.927014,0.67,MH-001_B1_2,train,766.33,1017.50,1349.25,1976.00,2553.67,2075.17,0.1885,-0.3202,0.1275
MH-001,Gondkhari,2023,72,54,21.162467,78.927283,0.56,MH-001_B1_2,train,1115.50,1459.50,1851.00,2244.50,2695.00,2349.65,0.0961,-0.2119,0.0912
MH-001,Gondkhari,2023,72,55,21.162467,78.927553,0.44,MH-001_B1_2,train,1200.58,1570.80,1920.00,2301.58,2693.50,2389.00,0.0904,-0.1887,0.0785
MH-001,Gondkhari,2023,73,50,21.162197,78.926205,0.67,MH-001_B1_2,train,796.00,1070.50,1396.00,1921.00,2329.25,1777.00,0.1583,-0.2843,0.0961
MH-001,Gondkhari,2023,73,51,21.162197,78.926475,0.89,MH-001_B1_2,train,949.75,1241.00,1587.50,1891.67,2160.33,1773.50,0.0874,-0.2077,0.0663
MH-001,Gondkhari,2023,73,52,21.162197,78.926744,1.00,MH-001_B1_2,train,920.00,1215.00,1560.33,1836.17,2124.00,1830.75,0.0812,-0.2036,0.0727
MH-001,Gondkhari,2023,73,53,21.162197,78.927014,1.00,MH-001_B1_2,train,1284.50,1625.00,2007.17,2290.33,2591.00,2334.50,0.0659,-0.1699,0.0616
MH-001,Gondkhari,2023,73,54,21.162197,78.927283,0.78,MH-001_B1_2,train,1290.50,1628.25,1984.67,2393.50,2661.00,2373.50,0.0934,-0.1903,0.0529
MH-001,Gondkhari,2023,74,48,21.161928,78.925666,0.44,MH-001_B2_2,train,798.00,1074.00,1203.50,1519.50,1770.00,1411.00,0.1160,-0.1718,0.0762
MH-001,Gondkhari,2023,74,49,21.161928,78.925936,0.78,MH-001_B2_2,train,745.75,1025.75,1234.67,1557.50,1755.50,1447.00,0.1156,-0.2058,0.0598
MH-001,Gondkhari,2023,74,50,21.161928,78.926205,0.89,MH-001_B2_2,train,845.00,1137.00,1464.50,1891.50,2060.25,1719.62,0.1272,-0.2491,0.0427
MH-001,Gondkhari,2023,74,51,21.161928,78.926475,1.00,MH-001_B2_2,train,1101.25,1444.00,1748.50,1989.33,2239.67,1985.67,0.0644,-0.1588,0.0592
MH-001,Gondkhari,2023,74,52,21.161928,78.926744,1.00,MH-001_B2_2,train,1281.00,1594.25,1931.67,2206.75,2450.75,2223.25,0.0665,-0.1611,0.0524
MH-001,Gondkhari,2023,74,53,21.161928,78.927014,1.00,MH-001_B2_2,train,1210.50,1580.67,1928.08,2253.67,2529.33,2249.50,0.0779,-0.1755,0.0576
MH-001,Gondkhari,2023,74,54,21.161928,78.927283,0.67,MH-001_B2_2,train,816.00,1105.67,1404.67,1900.50,2308.00,1929.25,0.1500,-0.2644,0.0968
MH-001,Gondkhari,2023,75,48,21.161658,78.925666,0.67,MH-001_B2_2,train,901.00,1204.25,1423.00,1685.67,1738.00,1462.50,0.0845,-0.1666,0.0153
MH-001,Gondkhari,2023,75,49,21.161658,78.925936,1.00,MH-001_B2_2,train,765.00,1050.50,1308.25,1540.00,1789.50,1523.00,0.0814,-0.1890,0.0749
MH-001,Gondkhari,2023,75,50,21.161658,78.926205,1.00,MH-001_B2_2,train,1137.00,1452.00,1746.50,2032.12,2255.25,2012.00,0.0756,-0.1665,0.0520
MH-001,Gondkhari,2023,75,51,21.161658,78.926475,1.00,MH-001_B2_2,train,1452.50,1745.50,2081.50,2310.50,2493.00,2284.00,0.0521,-0.1393,0.0380
MH-001,Gondkhari,2023,75,52,21.161658,78.926744,1.00,MH-001_B2_2,train,1296.75,1650.75,2040.50,2467.25,2699.00,2423.42,0.0947,-0.1983,0.0449
MH-001,Gondkhari,2023,75,53,21.161658,78.927014,0.89,MH-001_B2_2,train,1135.67,1505.25,1882.00,2152.25,2423.25,2087.75,0.0670,-0.1769,0.0592
MH-001,Gondkhari,2023,75,54,21.161658,78.927283,0.56,MH-001_B2_2,train,843.00,1141.00,1412.50,1854.75,2203.25,1824.50,0.1354,-0.2383,0.0859
MH-001,Gondkhari,2023,76,48,21.161389,78.925666,0.67,MH-001_B2_2,train,891.50,1182.33,1460.25,1862.00,2093.50,1807.00,0.1209,-0.2233,0.0585
MH-001,Gondkhari,2023,76,49,21.161389,78.925936,1.00,MH-001_B2_2,train,1370.50,1674.00,1972.50,2233.00,2437.20,2195.17,0.0619,-0.1431,0.0437
MH-001,Gondkhari,2023,76,50,21.161389,78.926205,1.00,MH-001_B2_2,train,1221.33,1575.50,1910.00,2180.00,2401.75,2188.14,0.0660,-0.1610,0.0484
MH-001,Gondkhari,2023,76,51,21.161389,78.926475,0.89,MH-001_B2_2,train,1002.33,1361.20,1707.25,1980.00,2228.33,1958.00,0.0740,-0.1852,0.0590
MH-001,Gondkhari,2023,76,52,21.161389,78.926744,0.78,MH-001_B2_2,train,1023.00,1369.50,1713.50,2005.25,2298.33,2010.00,0.0785,-0.1884,0.0681
MH-001,Gondkhari,2023,76,53,21.161389,78.927014,0.56,MH-001_B2_2,train,907.50,1243.00,1560.33,1782.50,2044.00,1762.00,0.0665,-0.1783,0.0683
MH-001,Gondkhari,2023,77,48,21.161119,78.925666,0.56,MH-001_B2_2,train,1220.00,1508.25,1764.75,2075.50,2329.75,2057.67,0.0809,-0.1583,0.0577
MH-001,Gondkhari,2023,77,49,21.161119,78.925936,0.67,MH-001_B2_2,train,1238.00,1584.17,1922.00,2247.50,2502.00,2226.00,0.0781,-0.1731,0.0536
MH-001,Gondkhari,2023,77,50,21.161119,78.926205,0.67,MH-001_B2_2,train,959.00,1281.00,1640.70,1897.40,2172.00,1904.00,0.0726,-0.1939,0.0675
MH-001,Gondkhari,2023,77,51,21.161119,78.926475,0.56,MH-001_B2_2,train,958.67,1311.50,1646.00,1896.00,2021.67,1740.75,0.0706,-0.1822,0.0321
MH-001,Gondkhari,2023,78,46,21.160850,78.925127,0.33,MH-001_B2_2,train,841.25,1071.00,1284.75,2017.00,2191.50,1715.50,0.2218,-0.3063,0.0415
MH-001,Gondkhari,2023,78,47,21.160850,78.925397,0.44,MH-001_B2_2,train,1344.67,1681.67,1994.25,2372.75,2610.40,2304.25,0.0867,-0.1705,0.0477
MH-001,Gondkhari,2023,79,46,21.160580,78.925127,0.44,MH-001_B2_2,train,1396.00,1683.25,1939.50,2283.50,2473.50,2155.50,0.0815,-0.1513,0.0399
MH-001,Gondkhari,2023,80,45,21.160311,78.924858,0.33,MH-001_B2_2,train,1316.00,1651.25,1911.50,2307.33,2553.50,2290.00,0.0938,-0.1657,0.0506
MH-001,Gondkhari,2023,81,45,21.160041,78.924858,0.22,MH-001_B2_2,train,862.67,1152.67,1391.25,2110.00,2405.33,2050.00,0.2053,-0.2934,0.0654
MH-001,Gondkhari,2024,60,68,21.165700,78.931056,0.56,MH-001_B1_3,val,1473.50,1724.33,1960.00,2304.50,2722.75,2417.50,0.0808,-0.1440,0.0832
MH-001,Gondkhari,2024,60,69,21.165700,78.931326,0.57,MH-001_B1_3,val,1815.25,2134.50,2424.00,2771.00,2953.33,2737.33,0.0668,-0.1298,0.0319
MH-001,Gondkhari,2024,61,67,21.165431,78.930787,0.67,MH-001_B1_3,val,1685.00,1972.00,2220.00,2524.20,2855.50,2618.00,0.0641,-0.1228,0.0616
MH-001,Gondkhari,2024,61,68,21.165431,78.931056,0.89,MH-001_B1_3,val,1655.75,1967.00,2245.00,2595.50,2805.00,2578.00,0.0724,-0.1378,0.0388
MH-001,Gondkhari,2024,61,69,21.165431,78.931326,0.75,MH-001_B1_3,val,1059.50,1289.00,1564.00,2112.25,2550.00,2145.33,0.1491,-0.2420,0.0939
MH-001,Gondkhari,2024,62,66,21.165161,78.930517,0.67,MH-001_B1_3,val,1708.50,1996.67,2259.50,2577.00,2889.50,2639.00,0.0656,-0.1269,0.0572
MH-001,Gondkhari,2024,62,67,21.165161,78.930787,0.78,MH-001_B1_3,val,1811.00,2146.00,2458.50,2773.50,2971.00,2783.40,0.0602,-0.1276,0.0344
MH-001,Gondkhari,2024,62,68,21.165161,78.931056,0.89,MH-001_B1_3,val,1357.50,1654.00,1913.50,2333.00,2679.50,2386.00,0.0988,-0.1703,0.0691
MH-001,Gondkhari,2024,62,69,21.165161,78.931326,0.56,MH-001_B1_3,val,766.00,1004.25,1235.25,1739.00,2219.75,1705.33,0.1694,-0.2678,0.1214
MH-001,Gondkhari,2024,63,65,21.164892,78.930248,0.56,MH-001_B1_3,val,1753.00,2048.50,2331.50,2654.75,2899.75,2682.50,0.0648,-0.1289,0.0441
MH-001,Gondkhari,2024,63,66,21.164892,78.930517,0.67,MH-001_B1_3,val,1384.50,1669.50,1927.25,2391.00,2722.00,2426.50,0.1074,-0.1777,0.0647
MH-001,Gondkhari,2024,63,67,21.164892,78.930787,0.56,MH-001_B1_3,val,923.25,1181.25,1437.50,1987.25,2329.50,1913.08,0.1605,-0.2544,0.0793
MH-001,Gondkhari,2024,63,69,21.164892,78.931326,0.33,MH-001_B1_3,val,741.33,984.33,1257.67,1795.00,2254.50,1741.00,0.1760,-0.2917,0.1135
MH-001,Gondkhari,2024,64,64,21.164623,78.929978,0.56,MH-001_B1_3,val,1736.25,2045.00,2315.25,2627.50,2855.67,2652.00,0.0632,-0.1247,0.0416
MH-001,Gondkhari,2024,64,65,21.164623,78.930248,0.56,MH-001_B1_3,val,1769.50,2107.85,2406.00,2733.33,2967.75,2769.67,0.0637,-0.1292,0.0411
MH-001,Gondkhari,2024,65,62,21.164353,78.929439,0.44,MH-001_B1_2,train,980.50,1206.12,1406.25,1878.25,2240.00,1813.25,0.1437,-0.2179,0.0878
MH-001,Gondkhari,2024,65,63,21.164353,78.929709,0.67,MH-001_B1_3,val,1645.00,1922.00,2165.00,2487.50,2555.83,2288.50,0.0693,-0.1282,0.0135
MH-001,Gondkhari,2024,65,64,21.164353,78.929978,0.56,MH-001_B1_3,val,1194.00,1455.17,1707.00,2328.50,2569.50,2127.68,0.1540,-0.2308,0.0492
MH-001,Gondkhari,2024,66,62,21.164084,78.929439,0.56,MH-001_B1_2,train,1697.45,1975.25,2254.50,2610.75,2798.50,2491.25,0.0732,-0.1386,0.0347
MH-001,Gondkhari,2024,66,63,21.164084,78.929709,0.56,MH-001_B1_3,val,1186.25,1443.50,1655.50,2186.00,2569.00,2149.67,0.1381,-0.2046,0.0805
MH-001,Gondkhari,2024,67,61,21.163814,78.929170,0.22,MH-001_B1_2,train,1625.33,1941.50,2251.50,2693.00,2973.33,2566.50,0.0893,-0.1622,0.0495
MH-001,Gondkhari,2024,71,55,21.162736,78.927553,0.44,MH-001_B1_2,train,1101.75,1359.50,1657.67,2138.50,2563.00,2193.00,0.1267,-0.2227,0.0903
MH-001,Gondkhari,2024,71,56,21.162736,78.927822,0.44,MH-001_B1_2,train,1681.62,2007.50,2294.00,2765.00,2883.50,2527.25,0.0931,-0.1587,0.0210
MH-001,Gondkhari,2024,71,57,21.162736,78.928092,0.22,MH-001_B1_2,train,1023.67,1285.50,1485.17,2236.00,2525.50,2053.00,0.2018,-0.2699,0.0608
MH-001,Gondkhari,2024,72,52,21.162467,78.926744,0.56,MH-001_B1_2,train,820.67,1027.75,1230.50,1565.25,2018.00,1600.12,0.1197,-0.2073,0.1264
MH-001,Gondkhari,2024,72,53,21.162467,78.927014,0.67,MH-001_B1_2,train,720.50,906.50,1118.00,1749.00,2346.00,1852.67,0.2201,-0.3173,0.1458
MH-001,Gondkhari,2024,72,54,21.162467,78.927283,0.67,MH-001_B1_2,train,1374.50,1636.50,1920.00,2345.00,2724.50,2367.58,0.0996,-0.1779,0.0749
MH-001,Gondkhari,2024,72,55,21.162467,78.927553,0.56,MH-001_B1_2,train,1497.33,1815.50,2091.50,2559.00,2832.75,2426.50,0.1005,-0.1700,0.0508
MH-001,Gondkhari,2024,73,50,21.162197,78.926205,0.56,MH-001_B1_2,train,732.00,899.50,1079.67,1619.00,2155.50,1628.50,0.1999,-0.2857,0.1421
MH-001,Gondkhari,2024,73,51,21.162197,78.926475,0.78,MH-001_B1_2,train,853.08,1083.50,1270.75,1631.96,2025.00,1576.50,0.1244,-0.2020,0.1075
MH-001,Gondkhari,2024,73,52,21.162197,78.926744,0.89,MH-001_B1_2,train,877.25,1100.50,1330.25,1620.00,1986.75,1631.75,0.0982,-0.1910,0.1017
MH-001,Gondkhari,2024,73,53,21.162197,78.927014,1.00,MH-001_B1_2,train,1390.75,1655.50,1945.33,2262.50,2513.00,2212.33,0.0754,-0.1549,0.0525
MH-001,Gondkhari,2024,73,54,21.162197,78.927283,0.78,MH-001_B1_2,train,1312.00,1602.00,1846.00,2335.00,2602.00,2244.67,0.1170,-0.1862,0.0541
MH-001,Gondkhari,2024,74,49,21.161928,78.925936,0.67,MH-001_B2_2,train,747.00,985.00,1113.62,1585.00,1757.00,1354.00,0.1747,-0.2335,0.0515
MH-001,Gondkhari,2024,74,50,21.161928,78.926205,0.89,MH-001_B2_2,train,817.33,1033.25,1263.50,1740.67,2005.00,1592.50,0.1588,-0.2550,0.0706
MH-001,Gondkhari,2024,74,51,21.161928,78.926475,1.00,MH-001_B2_2,train,1125.25,1363.75,1609.50,1898.00,2205.50,1884.00,0.0823,-0.1638,0.0749
MH-001,Gondkhari,2024,74,52,21.161928,78.926744,1.00,MH-001_B2_2,train,1395.00,1658.00,1880.00,2284.50,2453.50,2156.50,0.0971,-0.1589,0.0357
MH-001,Gondkhari,2024,74,53,21.161928,78.927014,1.00,MH-001_B2_2,train,1253.00,1559.67,1821.67,2270.00,2504.75,2121.00,0.1096,-0.1855,0.0492
MH-001,Gondkhari,2024,74,54,21.161928,78.927283,0.67,MH-001_B2_2,train,782.00,991.75,1183.75,1788.50,2275.00,1799.00,0.2035,-0.2866,0.1197
MH-001,Gondkhari,2024,75,48,21.161658,78.925666,0.44,MH-001_B2_2,train,922.88,1179.25,1349.50,1725.25,1802.50,1478.83,0.1222,-0.1880,0.0219
MH-001,Gondkhari,2024,75,49,21.161658,78.925936,0.78,MH-001_B2_2,train,765.00,995.33,1157.50,1536.25,1788.75,1453.00,0.1406,-0.2137,0.0759
MH-001,Gondkhari,2024,75,50,21.161658,78.926205,1.00,MH-001_B2_2,train,1087.50,1333.00,1570.00,1910.75,2197.33,1868.75,0.0979,-0.1781,0.0698
MH-001,Gondkhari,2024,75,51,21.161658,78.926475,1.00,MH-001_B2_2,train,1498.17,1750.50,1998.33,2288.00,2436.17,2176.40,0.0676,-0.1331,0.0314
MH-001,Gondkhari,2024,75,52,21.161658,78.926744,1.00,MH-001_B2_2,train,1268.50,1564.12,1866.25,2409.00,2609.00,2245.50,0.1270,-0.2126,0.0399
MH-001,Gondkhari,2024,75,53,21.161658,78.927014,0.89,MH-001_B2_2,train,1014.00,1279.00,1507.50,1845.60,2159.50,1724.20,0.1008,-0.1813,0.0784
MH-001,Gondkhari,2024,75,54,21.161658,78.927283,0.56,MH-001_B2_2,train,842.67,1049.00,1235.50,1691.67,2091.25,1619.00,0.1558,-0.2345,0.1056
MH-001,Gondkhari,2024,76,49,21.161389,78.925936,0.89,MH-001_B2_2,train,1391.50,1657.00,1884.75,2237.50,2434.00,2161.00,0.0856,-0.1491,0.0421
MH-001,Gondkhari,2024,76,50,21.161389,78.926205,1.00,MH-001_B2_2,train,1194.00,1516.00,1763.50,2124.50,2304.25,2010.25,0.0928,-0.1671,0.0406
MH-001,Gondkhari,2024,76,51,21.161389,78.926475,1.00,MH-001_B2_2,train,952.50,1232.00,1489.67,1787.50,2094.00,1754.00,0.0909,-0.1840,0.0790
MH-001,Gondkhari,2024,76,52,21.161389,78.926744,0.89,MH-001_B2_2,train,1021.00,1296.00,1550.00,1902.75,2208.50,1815.33,0.1022,-0.1897,0.0744
MH-001,Gondkhari,2024,76,53,21.161389,78.927014,0.67,MH-001_B2_2,train,926.17,1177.25,1398.50,1660.00,1902.00,1568.25,0.0855,-0.1701,0.0679
MH-001,Gondkhari,2024,77,48,21.161119,78.925666,0.44,MH-001_B2_2,train,1264.00,1517.50,1739.50,2139.00,2389.86,2069.50,0.1030,-0.1700,0.0554
MH-001,Gondkhari,2024,77,49,21.161119,78.925936,0.56,MH-001_B2_2,train,1291.00,1587.75,1845.67,2208.50,2454.75,2149.75,0.0895,-0.1635,0.0528
MH-001,Gondkhari,2024,77,50,21.161119,78.926205,0.67,MH-001_B2_2,train,920.67,1172.50,1416.67,1718.50,2023.38,1684.00,0.0963,-0.1889,0.0815
MH-001,Gondkhari,2024,77,51,21.161119,78.926475,0.67,MH-001_B2_2,train,948.13,1214.33,1497.43,1783.25,1941.00,1618.50,0.0871,-0.1898,0.0424
MH-001,Gondkhari,2024,77,52,21.161119,78.926744,0.56,MH-001_B2_2,train,839.00,1052.75,1261.00,1612.33,1867.28,1539.50,0.1223,-0.2100,0.0733
MH-001,Gondkhari,2024,78,47,21.160850,78.925397,0.44,MH-001_B2_2,train,1382.70,1684.00,1949.50,2369.00,2601.67,2290.50,0.0971,-0.1690,0.0468
MH-001,Gondkhari,2024,79,46,21.160580,78.925127,0.33,MH-001_B2_2,train,1425.67,1698.33,1937.58,2331.50,2511.50,2210.50,0.0923,-0.1571,0.0372
MH-001,Gondkhari,2024,79,47,21.160580,78.925397,0.33,MH-001_B2_2,train,984.50,1256.50,1509.33,2141.00,2436.50,1993.20,0.1730,-0.2603,0.0646
MH-001,Gondkhari,2024,141,49,21.143871,78.925936,0.33,MH-001_B3_2,train,706.50,911.75,1161.50,1655.75,2627.75,2180.00,0.1754,-0.2898,0.2269
MH-001,Gondkhari,2024,141,50,21.143871,78.926205,0.50,MH-001_B3_2,train,713.67,916.75,1170.25,1691.75,2675.75,2211.00,0.1822,-0.2971,0.2253
MH-001,Gondkhari,2024,141,51,21.143871,78.926475,0.50,MH-001_B3_2,train,679.50,870.50,1125.25,1715.00,2740.58,2223.25,0.2076,-0.3266,0.2302
MH-001,Gondkhari,2024,141,52,21.143871,78.926744,0.50,MH-001_B3_2,train,689.60,879.75,1131.50,1698.00,2802.25,2256.67,0.2002,-0.3174,0.2454
MH-001,Gondkhari,2024,141,53,21.143871,78.927014,0.33,MH-001_B3_2,train,692.50,882.00,1135.75,1685.00,2754.50,2225.00,0.1947,-0.3128,0.2409
MH-001,Gondkhari,2025,70,57,21.163006,78.928092,0.11,MH-001_B1_2,train,1558.67,1864.00,2167.50,2621.33,2844.00,2427.12,0.0948,-0.1688,0.0407
MH-001,Gondkhari,2025,72,52,21.162467,78.926744,0.44,MH-001_B1_2,train,761.25,950.25,1159.75,1605.67,2133.33,1656.25,0.1612,-0.2564,0.1411
MH-001,Gondkhari,2025,72,54,21.162467,78.927283,0.44,MH-001_B1_2,train,1307.00,1563.50,1883.00,2397.00,2770.50,2385.33,0.1201,-0.2105,0.0723
MH-001,Gondkhari,2025,72,55,21.162467,78.927553,0.33,MH-001_B1_2,train,1460.75,1767.75,2055.00,2544.33,2849.50,2439.67,0.1064,-0.1801,0.0566
MH-001,Gondkhari,2025,73,51,21.162197,78.926475,0.67,MH-001_B1_2,train,775.83,986.83,1206.67,1675.50,2091.25,1624.50,0.1627,-0.2587,0.1104
MH-001,Gondkhari,2025,73,52,21.162197,78.926744,0.78,MH-001_B1_2,train,843.75,1062.00,1311.50,1698.00,2081.33,1687.38,0.1284,-0.2304,0.1014
MH-001,Gondkhari,2025,73,53,21.162197,78.927014,0.78,MH-001_B1_2,train,1323.50,1601.00,1864.00,2263.75,2580.50,2235.00,0.0968,-0.1715,0.0654
MH-001,Gondkhari,2025,73,54,21.162197,78.927283,0.56,MH-001_B1_2,train,1245.50,1497.00,1791.67,2303.17,2672.25,2281.15,0.1249,-0.2121,0.0742
MH-001,Gondkhari,2025,74,48,21.161928,78.925666,0.44,MH-001_B2_2,train,954.67,1259.83,1466.40,2031.75,2348.82,1882.67,0.1616,-0.2345,0.0724
MH-001,Gondkhari,2025,74,49,21.161928,78.925936,0.67,MH-001_B2_2,train,750.00,982.00,1218.25,1718.75,2157.00,1732.50,0.1704,-0.2728,0.1131
MH-001,Gondkhari,2025,74,50,21.161928,78.926205,0.78,MH-001_B2_2,train,757.80,986.00,1243.50,1854.50,2141.33,1738.75,0.1972,-0.3058,0.0718
MH-001,Gondkhari,2025,74,51,21.161928,78.926475,0.89,MH-001_B2_2,train,1082.33,1326.00,1570.88,1939.00,2264.00,1938.00,0.1049,-0.1877,0.0773
MH-001,Gondkhari,2025,74,52,21.161928,78.926744,1.00,MH-001_B2_2,train,1269.50,1560.10,1807.67,2160.75,2532.00,2194.75,0.0890,-0.1614,0.0791
MH-001,Gondkhari,2025,74,53,21.161928,78.927014,0.78,MH-001_B2_2,train,1174.00,1455.50,1743.50,2274.00,2593.67,2176.25,0.1320,-0.2195,0.0657
MH-001,Gondkhari,2025,75,48,21.161658,78.925666,0.67,MH-001_B2_2,train,936.83,1197.40,1444.00,1794.50,2199.75,1853.60,0.1082,-0.1996,0.1015
MH-001,Gondkhari,2025,75,49,21.161658,78.925936,1.00,MH-001_B2_2,train,741.00,1020.50,1269.67,1672.00,2086.75,1732.25,0.1368,-0.2420,0.1103
MH-001,Gondkhari,2025,75,50,21.161658,78.926205,1.00,MH-001_B2_2,train,1046.50,1311.00,1566.00,1955.54,2302.00,1953.50,0.1106,-0.1973,0.0814
MH-001,Gondkhari,2025,75,51,21.161658,78.926475,1.00,MH-001_B2_2,train,1420.50,1688.00,1944.67,2246.67,2484.33,2205.50,0.0721,-0.1420,0.0502
MH-001,Gondkhari,2025,75,52,21.161658,78.926744,1.00,MH-001_B2_2,train,1185.50,1460.00,1794.43,2363.75,2680.33,2275.60,0.1369,-0.2364,0.0628
MH-001,Gondkhari,2025,75,53,21.161658,78.927014,0.67,MH-001_B2_2,train,971.75,1204.83,1480.00,1858.93,2222.00,1791.50,0.1135,-0.2135,0.0890
MH-001,Gondkhari,2025,76,48,21.161389,78.925666,0.67,MH-001_B2_2,train,803.50,1045.75,1307.67,1867.42,2252.50,1866.00,0.1763,-0.2821,0.0935
MH-001,Gondkhari,2025,76,49,21.161389,78.925936,1.00,MH-001_B2_2,train,1340.50,1614.00,1867.50,2211.50,2479.00,2179.50,0.0843,-0.1562,0.0570
MH-001,Gondkhari,2025,76,50,21.161389,78.926205,1.00,MH-001_B2_2,train,1152.00,1431.50,1729.60,2113.00,2339.50,2019.50,0.0998,-0.1923,0.0509
MH-001,Gondkhari,2025,76,51,21.161389,78.926475,1.00,MH-001_B2_2,train,921.62,1190.33,1475.25,1792.00,2163.60,1814.40,0.0969,-0.2017,0.0939
MH-001,Gondkhari,2025,76,52,21.161389,78.926744,0.89,MH-001_B2_2,train,971.50,1244.40,1538.80,1893.00,2244.33,1878.25,0.1032,-0.2067,0.0849
MH-001,Gondkhari,2025,76,53,21.161389,78.927014,0.56,MH-001_B2_2,train,888.50,1119.25,1379.25,1625.25,1949.25,1615.00,0.0819,-0.1844,0.0906
MH-001,Gondkhari,2025,77,29,21.161119,78.920546,1.00,MH-001_B2_1,train,657.00,903.67,1048.50,1274.50,1525.08,1271.00,0.0973,-0.1703,0.0895
MH-001,Gondkhari,2025,77,48,21.161119,78.925666,0.56,MH-001_B2_2,train,1236.50,1475.80,1737.80,2164.00,2461.33,2127.75,0.1092,-0.1891,0.0643
MH-001,Gondkhari,2025,77,49,21.161119,78.925936,0.67,MH-001_B2_2,train,1220.50,1543.25,1841.67,2194.75,2514.00,2180.50,0.0875,-0.1743,0.0678
MH-001,Gondkhari,2025,77,50,21.161119,78.926205,0.67,MH-001_B2_2,train,852.08,1095.25,1364.25,1706.50,2090.25,1720.83,0.1115,-0.2182,0.1011
MH-001,Gondkhari,2025,77,51,21.161119,78.926475,0.67,MH-001_B2_2,train,912.00,1191.75,1522.00,1772.00,2074.00,1748.67,0.0759,-0.1958,0.0785
MH-001,Gondkhari,2025,77,52,21.161119,78.926744,0.56,MH-001_B2_2,train,759.33,1015.12,1282.00,1602.00,2020.00,1695.85,0.1110,-0.2242,0.1154
MH-001,Gondkhari,2025,78,28,21.160850,78.920277,0.57,MH-001_B2_1,train,717.62,1018.33,1190.00,1684.00,1973.00,1521.50,0.1719,-0.2463,0.0790
MH-001,Gondkhari,2025,78,29,21.160850,78.920546,1.00,MH-001_B2_1,train,678.75,926.92,1095.50,1360.75,1553.00,1279.75,0.1080,-0.1896,0.0660
MH-001,Gondkhari,2025,78,30,21.160850,78.920816,1.00,MH-001_B2_1,train,799.00,1115.25,1329.33,1782.00,1852.00,1525.67,0.1455,-0.2301,0.0193
MH-001,Gondkhari,2025,78,47,21.160850,78.925397,0.33,MH-001_B2_2,train,1357.00,1686.83,1987.33,2344.75,2698.00,2312.50,0.0825,-0.1632,0.0701
MH-001,Gondkhari,2025,79,29,21.160580,78.920546,0.86,MH-001_B2_1,train,765.67,1046.50,1308.00,1727.33,2010.25,1572.92,0.1382,-0.2454,0.0757
MH-001,Gondkhari,2025,79,30,21.160580,78.920816,1.00,MH-001_B2_1,train,784.75,1112.75,1419.00,1772.50,2114.50,1833.67,0.1108,-0.2287,0.0880
MH-001,Gondkhari,2025,79,31,21.160580,78.921085,1.00,MH-001_B2_1,train,768.58,1104.00,1339.00,1646.50,1873.50,1574.00,0.1030,-0.1972,0.0645
MH-001,Gondkhari,2025,79,46,21.160580,78.925127,0.22,MH-001_B2_2,train,1369.25,1656.17,1921.00,2294.50,2598.00,2276.00,0.0886,-0.1616,0.0620
MH-001,Gondkhari,2025,80,30,21.160311,78.920816,0.62,MH-001_B2_1,train,943.00,1372.50,1779.00,2267.00,2577.50,2209.50,0.1206,-0.2458,0.0641
MH-001,Gondkhari,2025,80,31,21.160311,78.921085,0.57,MH-001_B2_1,train,808.75,1137.00,1392.00,1752.40,2102.50,1729.50,0.1146,-0.2130,0.0908
MH-001,Gondkhari,2025,137,47,21.144949,78.925397,0.11,MH-001_B3_2,train,930.25,1213.00,1676.00,2394.00,3358.25,2679.00,0.1764,-0.3274,0.1676
MH-001,Gondkhari,2025,140,50,21.144141,78.926205,0.44,MH-001_B3_2,train,715.50,936.00,1315.17,1997.33,3123.80,2409.17,0.2059,-0.3618,0.2200
MH-001,Gondkhari,2025,140,51,21.144141,78.926475,0.56,MH-001_B3_2,train,813.50,1064.50,1450.75,2195.75,3135.50,2446.00,0.2043,-0.3470,0.1763
MH-001,Gondkhari,2025,141,46,21.143871,78.925127,0.29,MH-001_B3_2,train,819.50,1089.50,1463.08,2184.00,3067.00,2452.00,0.1977,-0.3344,0.1682
MH-001,Gondkhari,2025,141,50,21.143871,78.926205,0.67,MH-001_B3_2,train,823.00,1113.67,1479.00,2111.92,3030.75,2411.00,0.1763,-0.3095,0.1787
MH-001,Gondkhari,2025,141,51,21.143871,78.926475,0.83,MH-001_B3_2,train,771.67,1025.00,1379.00,2059.17,3046.25,2428.00,0.1978,-0.3353,0.1933
MH-001,Gondkhari,2025,141,52,21.143871,78.926744,0.67,MH-001_B3_2,train,796.00,1065.50,1430.17,2116.50,3079.75,2443.60,0.1935,-0.3303,0.1854
MH-001,Gondkhari,2025,141,53,21.143871,78.927014,0.33,MH-001_B3_2,train,814.50,1070.25,1437.33,2120.10,2990.50,2373.33,0.1919,-0.3291,0.1703
MH-001,Gondkhari,2025,142,45,21.143602,78.924858,0.40,MH-001_B3_2,train,834.20,1107.38,1475.50,2095.50,2811.00,2308.50,0.1736,-0.3085,0.1458
MH-001,Gondkhari,2025,160,84,21.138751,78.935368,0.33,MH-001_B4_4,test,837.75,1114.42,1498.50,1831.00,2153.50,1780.56,0.0999,-0.2433,0.0809
MH-001,Gondkhari,2025,160,86,21.138751,78.935907,0.56,MH-001_B4_4,test,953.50,1241.25,1568.50,1769.80,1998.00,1630.00,0.0603,-0.1755,0.0606
MH-001,Gondkhari,2025,160,87,21.138751,78.936177,0.67,MH-001_B4_4,test,956.00,1213.67,1515.08,1691.42,1923.25,1578.50,0.0550,-0.1645,0.0641
MH-001,Gondkhari,2025,160,88,21.138751,78.936446,0.44,MH-001_B4_4,test,967.00,1245.75,1568.67,1808.25,2012.50,1694.00,0.0709,-0.1842,0.0535
MH-001,Gondkhari,2025,161,84,21.138482,78.935368,0.44,MH-001_B4_4,test,847.50,1121.60,1504.80,1860.50,2147.50,1757.33,0.1057,-0.2478,0.0716
MH-001,Gondkhari,2025,161,85,21.138482,78.935638,0.78,MH-001_B4_4,test,930.67,1185.50,1481.00,1677.67,1891.50,1550.50,0.0623,-0.1719,0.0599
MH-001,Gondkhari,2025,161,86,21.138482,78.935907,0.89,MH-001_B4_4,test,948.00,1220.00,1534.00,1747.75,1941.25,1602.00,0.0651,-0.1778,0.0525
MH-001,Gondkhari,2025,161,87,21.138482,78.936177,0.89,MH-001_B4_4,test,976.00,1281.50,1630.50,1799.00,2034.50,1716.25,0.0491,-0.1680,0.0614
MH-001,Gondkhari,2025,161,88,21.138482,78.936446,0.56,MH-001_B4_4,test,896.00,1155.33,1457.00,1653.67,1923.00,1620.50,0.0632,-0.1774,0.0753
MH-001,Gondkhari,2025,162,85,21.138212,78.935638,0.56,MH-001_B4_4,test,829.80,1113.75,1489.00,1777.80,2061.50,1703.00,0.0884,-0.2297,0.0739
MH-001,Gondkhari,2025,162,86,21.138212,78.935907,0.67,MH-001_B4_4,test,894.50,1195.25,1545.33,1773.50,2031.25,1665.50,0.0687,-0.1948,0.0677
MH-001,Gondkhari,2025,162,87,21.138212,78.936177,0.56,MH-001_B4_4,test,827.25,1092.00,1419.50,1707.00,2099.00,1694.00,0.0920,-0.2197,0.1030
MH-002,Gadchiroli,2023,57,105,19.609908,80.361264,0.40,MH-002_B1_2,train,357.00,405.00,578.00,789.00,1424.00,1188.00,0.1544,-0.3216,0.2869
MH-002,Gadchiroli,2023,58,104,19.609639,80.360995,0.33,MH-002_B1_2,train,419.00,487.00,812.00,1014.00,1902.00,1709.00,0.1106,-0.3511,0.3045
MH-002,Gadchiroli,2024,84,110,19.602632,80.362612,0.25,MH-002_B2_2,train,1229.50,1570.00,1980.50,2720.50,3857.00,3113.00,0.1574,-0.2682,0.1728
MH-002,Gadchiroli,2025,81,83,19.603440,80.355335,0.29,MH-002_B2_2,train,892.50,1172.50,1607.00,2140.50,3276.50,2628.00,0.1424,-0.2922,0.2097
MH-002,Gadchiroli,2025,81,84,19.603440,80.355605,0.29,MH-002_B2_2,train,844.50,1102.50,1422.00,1901.50,2919.50,2376.50,0.1443,-0.2660,0.2112
MH-003,Bhivpuri PSP,2021,146,230,18.910300,73.504513,0.50,MH-003_B4_4,test,677.50,911.00,1302.50,2254.50,3842.50,2846.50,0.2676,-0.4244,0.2605
MH-003,Bhivpuri PSP,2021,146,231,18.910300,73.504783,0.67,MH-003_B4_4,test,687.00,923.50,1314.50,2294.00,3762.00,2788.00,0.2714,-0.4260,0.2424
MH-003,Bhivpuri PSP,2021,147,227,18.910031,73.503705,0.33,MH-003_B4_4,test,823.50,1106.00,1521.50,2316.00,3493.00,2768.50,0.2070,-0.3536,0.2026
MH-003,Bhivpuri PSP,2021,147,228,18.910031,73.503974,0.56,MH-003_B4_4,test,733.50,1027.00,1413.50,2129.00,3287.00,2562.00,0.2020,-0.3492,0.2138
MH-003,Bhivpuri PSP,2021,147,229,18.910031,73.504244,0.71,MH-003_B4_4,test,731.00,1020.00,1367.00,2158.00,3286.50,2585.50,0.2244,-0.3581,0.2073
MH-003,Bhivpuri PSP,2021,148,228,18.909761,73.503974,0.67,MH-003_B4_4,test,829.00,1156.00,1551.00,2330.50,3106.50,2449.00,0.2008,-0.3369,0.1427
MH-003,Bhivpuri PSP,2021,148,229,18.909761,73.504244,0.83,MH-003_B4_4,test,737.50,1026.50,1407.50,2228.00,3324.00,2611.00,0.2257,-0.3692,0.1974
MH-003,Bhivpuri PSP,2021,149,229,18.909492,73.504244,0.60,MH-003_B4_4,test,687.00,897.50,1297.00,2200.00,3778.50,2885.50,0.2582,-0.4205,0.2640
MH-003,Bhivpuri PSP,2022,146,231,18.910300,73.504783,0.33,MH-003_B4_4,test,721.50,927.50,1271.50,2410.50,3487.50,2752.50,0.3093,-0.4443,0.1826
MH-003,Bhivpuri PSP,2023,144,226,18.910839,73.503435,0.56,MH-003_B4_4,test,726.50,1031.50,1534.50,2347.50,3881.50,2897.00,0.2094,-0.3895,0.2463
MH-003,Bhivpuri PSP,2023,144,227,18.910839,73.503705,0.56,MH-003_B4_4,test,649.50,897.00,1389.50,2363.00,3729.50,2729.50,0.2594,-0.4497,0.2243
MH-003,Bhivpuri PSP,2023,145,225,18.910570,73.503166,0.44,MH-003_B4_4,test,679.00,938.00,1469.00,2355.00,3810.00,2820.00,0.2317,-0.4303,0.2360
MH-003,Bhivpuri PSP,2023,145,226,18.910570,73.503435,0.78,MH-003_B4_4,test,683.50,963.50,1449.00,2371.00,3829.50,2863.00,0.2414,-0.4221,0.2352
MH-003,Bhivpuri PSP,2023,145,227,18.910570,73.503705,0.78,MH-003_B4_4,test,646.00,900.50,1407.50,2342.00,3814.50,2806.00,0.2492,-0.4446,0.2392
MH-003,Bhivpuri PSP,2023,145,228,18.910570,73.503974,0.78,MH-003_B4_4,test,743.50,1031.50,1528.50,2447.50,3643.00,2758.00,0.2311,-0.4070,0.1963
MH-003,Bhivpuri PSP,2023,145,229,18.910570,73.504244,0.67,MH-003_B4_4,test,702.00,980.50,1467.50,2369.50,3609.50,2728.00,0.2351,-0.4146,0.2074
MH-003,Bhivpuri PSP,2023,145,230,18.910570,73.504513,0.71,MH-003_B4_4,test,636.00,863.50,1358.00,2151.50,3700.00,2770.50,0.2261,-0.4272,0.2646
MH-003,Bhivpuri PSP,2023,146,225,18.910300,73.503166,0.56,MH-003_B4_4,test,714.00,968.50,1450.50,2271.50,3576.50,2705.00,0.2206,-0.4022,0.2232
MH-003,Bhivpuri PSP,2023,146,227,18.910300,73.503705,0.56,MH-003_B4_4,test,680.00,921.00,1396.00,2355.00,3674.00,2738.00,0.2557,-0.4377,0.2188
MH-003,Bhivpuri PSP,2023,146,228,18.910300,73.503974,0.78,MH-003_B4_4,test,751.50,1062.00,1547.00,2479.50,3534.50,2737.00,0.2316,-0.4003,0.1754
MH-003,Bhivpuri PSP,2023,146,229,18.910300,73.504244,0.88,MH-003_B4_4,test,726.00,1031.00,1486.00,2431.00,3545.50,2724.50,0.2413,-0.4044,0.1865
MH-003,Bhivpuri PSP,2023,146,230,18.910300,73.504513,1.00,MH-003_B4_4,test,671.00,899.50,1406.00,2224.00,3746.00,2810.50,0.2253,-0.4240,0.2549
MH-003,Bhivpuri PSP,2023,146,231,18.910300,73.504783,1.00,MH-003_B4_4,test,673.50,897.50,1372.00,2317.50,3634.00,2779.50,0.2563,-0.4417,0.2212
MH-003,Bhivpuri PSP,2023,147,224,18.910031,73.502896,0.38,MH-003_B4_4,test,755.00,1050.50,1477.50,2340.50,3226.50,2506.50,0.2260,-0.3804,0.1592
MH-003,Bhivpuri PSP,2023,147,225,18.910031,73.503166,0.33,MH-003_B4_4,test,730.00,1008.00,1467.50,2317.00,3419.50,2655.00,0.2245,-0.3937,0.1922
MH-003,Bhivpuri PSP,2023,147,229,18.910031,73.504244,0.71,MH-003_B4_4,test,716.50,1041.00,1494.50,2293.50,3118.50,2469.50,0.2109,-0.3756,0.1524
MH-003,Bhivpuri PSP,2023,148,229,18.909761,73.504244,0.67,MH-003_B4_4,test,712.00,998.50,1398.00,2306.00,3109.00,2416.50,0.2451,-0.3957,0.1483
MH-003,Bhivpuri PSP,2023,149,228,18.909492,73.503974,0.62,MH-003_B4_4,test,636.00,876.50,1380.50,2271.50,3688.50,2763.50,0.2440,-0.4431,0.2378
MH-003,Bhivpuri PSP,2023,149,229,18.909492,73.504244,0.80,MH-003_B4_4,test,671.00,901.50,1411.50,2313.50,3706.00,2798.00,0.2421,-0.4392,0.2313
MH-003,Bhivpuri PSP,2023,150,220,18.909222,73.501818,0.80,MH-003_B4_4,test,699.50,952.00,1293.50,2288.50,2994.50,2353.00,0.2778,-0.4124,0.1336
MH-003,Bhivpuri PSP,2023,150,221,18.909222,73.502088,0.62,MH-003_B4_4,test,667.00,901.00,1393.50,2280.50,3522.50,2727.00,0.2414,-0.4336,0.2140
MH-003,Bhivpuri PSP,2023,150,224,18.909222,73.502896,0.56,MH-003_B4_4,test,657.50,918.00,1360.50,2334.50,3288.00,2484.00,0.2636,-0.4355,0.1696
MH-003,Bhivpuri PSP,2023,150,225,18.909222,73.503166,0.67,MH-003_B4_4,test,744.00,1063.00,1496.00,2434.50,3189.50,2498.50,0.2388,-0.3921,0.1342
MH-003,Bhivpuri PSP,2023,150,226,18.909222,73.503435,0.67,MH-003_B4_4,test,806.00,1153.50,1594.50,2524.00,3176.50,2518.00,0.2257,-0.3727,0.1145
MH-003,Bhivpuri PSP,2023,150,227,18.909222,73.503705,0.78,MH-003_B4_4,test,734.00,1039.00,1537.50,2390.00,3580.00,2735.50,0.2171,-0.3940,0.1993
MH-003,Bhivpuri PSP,2023,150,228,18.909222,73.503974,0.86,MH-003_B4_4,test,658.00,888.00,1419.00,2273.00,3757.50,2809.50,0.2313,-0.4382,0.2462
MH-003,Bhivpuri PSP,2023,151,220,18.908953,73.501818,1.00,MH-003_B4_4,test,640.50,862.50,1273.00,2280.00,3262.00,2524.50,0.2834,-0.4511,0.1772
MH-003,Bhivpuri PSP,2023,151,221,18.908953,73.502088,0.86,MH-003_B4_4,test,626.50,821.00,1290.00,2147.50,3534.50,2701.50,0.2495,-0.4469,0.2441
MH-003,Bhivpuri PSP,2023,151,222,18.908953,73.502357,0.71,MH-003_B4_4,test,624.00,831.00,1292.50,2184.00,3518.50,2666.50,0.2564,-0.4488,0.2340
MH-003,Bhivpuri PSP,2023,151,223,18.908953,73.502627,0.71,MH-003_B4_4,test,676.50,888.00,1347.00,2342.00,3472.00,2674.00,0.2697,-0.4502,0.1944
MH-003,Bhivpuri PSP,2023,151,224,18.908953,73.502896,0.83,MH-003_B4_4,test,637.50,883.50,1269.50,2382.00,3422.50,2588.50,0.3047,-0.4589,0.1793
MH-003,Bhivpuri PSP,2023,151,225,18.908953,73.503166,1.00,MH-003_B4_4,test,672.00,905.50,1394.00,2373.00,3443.00,2638.00,0.2599,-0.4476,0.1840
MH-003,Bhivpuri PSP,2023,151,226,18.908953,73.503435,1.00,MH-003_B4_4,test,718.00,1010.00,1463.00,2398.50,3462.50,2691.00,0.2423,-0.4074,0.1815
MH-003,Bhivpuri PSP,2023,151,227,18.908953,73.503705,1.00,MH-003_B4_4,test,727.50,1013.50,1508.50,2353.00,3677.50,2814.00,0.2187,-0.3979,0.2196
MH-003,Bhivpuri PSP,2023,151,228,18.908953,73.503974,1.00,MH-003_B4_4,test,658.50,888.50,1388.50,2241.00,3562.50,2738.50,0.2349,-0.4322,0.2277
MH-003,Bhivpuri PSP,2023,152,222,18.908683,73.502357,1.00,MH-003_B4_4,test,627.00,822.50,1221.00,2206.50,3299.50,2536.50,0.2875,-0.4569,0.1985
MH-003,Bhivpuri PSP,2023,152,226,18.908683,73.503435,1.00,MH-003_B4_4,test,576.00,784.50,1163.50,2159.00,3292.50,2442.00,0.2996,-0.4670,0.2079
MH-003,Bhivpuri PSP,2023,152,227,18.908683,73.503705,1.00,MH-003_B4_4,test,658.00,860.50,1315.00,2273.00,3506.00,2599.00,0.2670,-0.4508,0.2134
MH-003,Bhivpuri PSP,2023,152,228,18.908683,73.503974,1.00,MH-003_B4_4,test,635.50,825.00,1303.50,2131.50,3383.50,2579.50,0.2410,-0.4419,0.2270
MH-003,Bhivpuri PSP,2024,142,224,18.911378,73.502896,0.11,MH-003_B4_4,test,585.00,807.00,1233.50,2450.00,3667.00,2747.50,0.3303,-0.5045,0.1990
MH-003,Bhivpuri PSP,2024,145,224,18.910570,73.502896,0.44,MH-003_B4_4,test,611.50,810.50,1212.50,2335.00,3544.00,2695.50,0.3164,-0.4847,0.2056
MH-003,Bhivpuri PSP,2024,145,225,18.910570,73.503166,0.67,MH-003_B4_4,test,595.00,817.00,1262.50,2476.50,3687.50,2784.50,0.3247,-0.5039,0.1965
MH-003,Bhivpuri PSP,2024,145,226,18.910570,73.503435,0.67,MH-003_B4_4,test,642.00,876.50,1360.00,2581.00,3717.00,2835.00,0.3098,-0.4930,0.1804
MH-003,Bhivpuri PSP,2024,145,227,18.910570,73.503705,0.56,MH-003_B4_4,test,582.50,775.00,1226.00,2535.50,3671.00,2781.50,0.3481,-0.5318,0.1830
MH-003,Bhivpuri PSP,2024,145,229,18.910570,73.504244,0.56,MH-003_B4_4,test,644.00,870.50,1330.00,2593.50,3609.00,2769.50,0.3220,-0.4974,0.1637
MH-003,Bhivpuri PSP,2024,145,230,18.910570,73.504513,0.71,MH-003_B4_4,test,519.50,687.50,1068.00,2233.50,3358.50,2417.50,0.3530,-0.5293,0.2012
MH-003,Bhivpuri PSP,2024,146,224,18.910300,73.502896,0.44,MH-003_B4_4,test,694.00,931.50,1388.00,2525.50,3470.00,2722.50,0.2907,-0.4611,0.1575
MH-003,Bhivpuri PSP,2024,146,225,18.910300,73.503166,0.67,MH-003_B4_4,test,664.00,904.00,1329.50,2383.00,3586.00,2797.00,0.2838,-0.4500,0.2015
MH-003,Bhivpuri PSP,2024,146,226,18.910300,73.503435,0.78,MH-003_B4_4,test,621.50,852.00,1287.50,2524.00,3624.00,2783.00,0.3244,-0.4953,0.1789
MH-003,Bhivpuri PSP,2024,146,227,18.910300,73.503705,0.78,MH-003_B4_4,test,575.00,800.50,1208.50,2513.50,3603.00,2715.50,0.3506,-0.5169,0.1781
MH-003,Bhivpuri PSP,2024,146,228,18.910300,73.503974,0.89,MH-003_B4_4,test,690.50,935.00,1357.00,2656.50,3586.00,2792.00,0.3238,-0.4793,0.1489
MH-003,Bhivpuri PSP,2024,146,229,18.910300,73.504244,0.88,MH-003_B4_4,test,672.50,920.50,1331.50,2562.50,3559.00,2811.00,0.3161,-0.4714,0.1628
MH-003,Bhivpuri PSP,2024,146,230,18.910300,73.504513,1.00,MH-003_B4_4,test,535.00,701.50,1134.50,2339.00,3486.50,2550.50,0.3468,-0.5386,0.1970
MH-003,Bhivpuri PSP,2024,146,231,18.910300,73.504783,1.00,MH-003_B4_4,test,542.00,722.00,1125.00,2451.00,3401.00,2461.00,0.3708,-0.5449,0.1623
MH-003,Bhivpuri PSP,2024,147,227,18.910031,73.503705,0.78,MH-003_B4_4,test,700.00,985.00,1365.50,2528.00,3301.00,2568.50,0.2986,-0.4392,0.1326
MH-003,Bhivpuri PSP,2024,147,228,18.910031,73.503974,1.00,MH-003_B4_4,test,686.00,978.50,1399.50,2421.00,3136.00,2466.50,0.2674,-0.4243,0.1287
MH-003,Bhivpuri PSP,2024,147,229,18.910031,73.504244,1.00,MH-003_B4_4,test,675.00,985.00,1336.00,2370.00,3134.50,2489.00,0.2790,-0.4128,0.1389
MH-003,Bhivpuri PSP,2024,148,227,18.909761,73.503705,0.67,MH-003_B4_4,test,670.00,1017.00,1386.50,2465.00,3125.00,2436.00,0.2800,-0.4159,0.1181
MH-003,Bhivpuri PSP,2024,148,228,18.909761,73.503974,1.00,MH-003_B4_4,test,679.50,1052.00,1430.00,2448.00,2998.50,2327.50,0.2625,-0.3989,0.1011
MH-003,Bhivpuri PSP,2024,148,229,18.909761,73.504244,1.00,MH-003_B4_4,test,654.00,952.50,1339.50,2463.00,3191.50,2523.50,0.2955,-0.4422,0.1288
MH-003,Bhivpuri PSP,2024,149,227,18.909492,73.503705,0.67,MH-003_B4_4,test,651.00,904.50,1318.50,2566.50,3418.50,2691.50,0.3212,-0.4788,0.1424
MH-003,Bhivpuri PSP,2024,149,228,18.909492,73.503974,1.00,MH-003_B4_4,test,609.50,811.00,1271.50,2407.50,3570.00,2792.00,0.3088,-0.4960,0.1945
MH-003,Bhivpuri PSP,2024,149,229,18.909492,73.504244,1.00,MH-003_B4_4,test,623.50,841.50,1281.50,2365.00,3569.00,2792.50,0.2971,-0.4751,0.2029
MH-003,Bhivpuri PSP,2024,150,220,18.909222,73.501818,0.40,MH-003_B4_4,test,630.00,901.00,1161.50,2383.00,2958.50,2266.00,0.3446,-0.4513,0.1077
MH-003,Bhivpuri PSP,2024,150,227,18.909222,73.503705,0.56,MH-003_B4_4,test,672.00,942.50,1390.50,2595.50,3550.50,2787.00,0.3023,-0.4672,0.1554
MH-003,Bhivpuri PSP,2024,150,228,18.909222,73.503974,0.86,MH-003_B4_4,test,599.00,796.50,1218.00,2320.00,3577.00,2760.00,0.3115,-0.4888,0.2132
MH-003,Bhivpuri PSP,2024,151,220,18.908953,73.501818,0.50,MH-003_B4_4,test,559.50,769.00,1119.50,2367.50,3125.00,2391.00,0.3579,-0.5096,0.1379
MH-003,Bhivpuri PSP,2024,151,227,18.908953,73.503705,0.44,MH-003_B4_4,test,671.00,937.50,1371.00,2509.00,3603.00,2838.50,0.2933,-0.4560,0.1790
MH-003,Bhivpuri PSP,2024,152,227,18.908683,73.503705,0.33,MH-003_B4_4,test,581.00,798.50,1219.00,2422.50,3427.50,2617.00,0.3305,-0.5042,0.1718
MH-003,Bhivpuri PSP,2025,147,229,18.910031,73.504244,0.14,MH-003_B4_4,test,658.00,974.00,1340.50,2531.00,3115.50,2419.00,0.3075,-0.4442,0.1035
MH-003,Bhivpuri PSP,2025,151,220,18.908953,73.501818,0.25,MH-003_B4_4,test,538.00,772.00,1138.00,2327.00,3039.00,2140.50,0.3431,-0.5018,0.1327
