project_id,project_name,year,confidence_threshold,total_valid_pixels,trees_count,grass_count,crops_count,shrub_count,bare_land_count,built_up_count,water_count
MH-001,Gondkhari,2021,0.50,9179,1545,6,4372,2434,61,758,0
MH-001,Gondkhari,2021,0.60,8421,1355,6,4156,2157,48,698,0
MH-001,Gondkhari,2021,0.70,7209,1049,2,3745,1766,29,618,0
MH-001,Gondkhari,2021,0.80,6194,849,2,3331,1443,28,541,0
MH-001,Gondkhari,2021,0.90,4961,636,2,2825,1024,19,455,0
MH-001,Gondkhari,2022,0.50,9202,1359,9,4318,2647,68,801,0
MH-001,Gondkhari,2022,0.60,8419,1152,8,4086,2390,49,734,0
MH-001,Gondkhari,2022,0.70,7236,868,6,3729,1962,34,637,0
MH-001,Gondkhari,2022,0.80,6321,699,5,3389,1632,32,564,0
MH-001,Gondkhari,2022,0.90,5124,484,3,2932,1215,21,469,0
MH-001,Gondkhari,2023,0.50,9100,1243,11,4427,2515,53,851,0
MH-001,Gondkhari,2023,0.60,8261,1049,10,4139,2223,42,798,0
MH-001,Gondkhari,2023,0.70,7061,797,7,3716,1831,29,681,0
MH-001,Gondkhari,2023,0.80,6064,631,6,3273,1513,25,616,0
MH-001,Gondkhari,2023,0.90,4784,429,5,2731,1080,13,526,0
MH-001,Gondkhari,2024,0.50,9178,1746,9,3414,3055,51,882,0
MH-001,Gondkhari,2024,0.60,8347,1538,9,3150,2793,32,805,0
MH-001,Gondkhari,2024,0.70,7074,1188,6,2771,2360,21,714,0
MH-001,Gondkhari,2024,0.80,6062,942,5,2475,1980,16,631,0
MH-001,Gondkhari,2024,0.90,4837,688,3,2075,1517,9,533,0
MH-001,Gondkhari,2025,0.50,9369,1462,9,4486,2525,48,839,0
MH-001,Gondkhari,2025,0.60,8641,1276,8,4258,2287,37,775,0
MH-001,Gondkhari,2025,0.70,7480,999,6,3863,1919,24,669,0
MH-001,Gondkhari,2025,0.80,6563,805,5,3490,1648,19,596,0
MH-001,Gondkhari,2025,0.90,5406,583,3,2999,1295,13,513,0
MH-002,Gadchiroli,2021,0.50,10899,9158,0,18,1723,0,0,0
MH-002,Gadchiroli,2021,0.60,10531,9002,0,13,1516,0,0,0
MH-002,Gadchiroli,2021,0.70,9894,8666,0,11,1217,0,0,0
MH-002,Gadchiroli,2021,0.80,9302,8291,0,8,1003,0,0,0
MH-002,Gadchiroli,2021,0.90,8439,7715,0,4,720,0,0,0
MH-002,Gadchiroli,2022,0.50,10903,9192,8,13,1690,0,0,0
MH-002,Gadchiroli,2022,0.60,10529,9042,7,4,1476,0,0,0
MH-002,Gadchiroli,2022,0.70,9864,8688,3,4,1169,0,0,0
MH-002,Gadchiroli,2022,0.80,9323,8343,2,3,975,0,0,0
MH-002,Gadchiroli,2022,0.90,8515,7815,1,0,699,0,0,0
MH-002,Gadchiroli,2023,0.50,10850,8851,5,4,1990,0,0,0
MH-002,Gadchiroli,2023,0.60,10464,8691,4,4,1765,0,0,0
MH-002,Gadchiroli,2023,0.70,9731,8305,1,3,1422,0,0,0
MH-002,Gadchiroli,2023,0.80,9066,7887,1,1,1177,0,0,0
MH-002,Gadchiroli,2023,0.90,8169,7294,1,0,874,0,0,0
MH-002,Gadchiroli,2024,0.50,10842,8429,0,40,2344,0,29,0
MH-002,Gadchiroli,2024,0.60,10422,8260,0,31,2106,0,25,0
MH-002,Gadchiroli,2024,0.70,9655,7857,0,28,1748,0,22,0
MH-002,Gadchiroli,2024,0.80,8941,7417,0,26,1479,0,19,0
MH-002,Gadchiroli,2024,0.90,7980,6826,0,17,1122,0,15,0
MH-002,Gadchiroli,2025,0.50,10764,8667,3,17,1957,0,120,0
MH-002,Gadchiroli,2025,0.60,10325,8486,1,15,1719,0,104,0
MH-002,Gadchiroli,2025,0.70,9585,8103,0,11,1383,0,88,0
MH-002,Gadchiroli,2025,0.80,8861,7667,0,4,1110,0,80,0
MH-002,Gadchiroli,2025,0.90,7916,7072,0,0,779,0,65,0
MH-003,Bhivpuri PSP,2021,0.50,1323,835,4,59,403,7,15,0
MH-003,Bhivpuri PSP,2021,0.60,1241,814,3,46,365,5,8,0
MH-003,Bhivpuri PSP,2021,0.70,1121,761,0,40,316,2,2,0
MH-003,Bhivpuri PSP,2021,0.80,1023,713,0,29,278,1,2,0
MH-003,Bhivpuri PSP,2021,0.90,902,663,0,16,223,0,0,0
MH-003,Bhivpuri PSP,2022,0.50,1330,927,40,49,300,0,14,0
MH-003,Bhivpuri PSP,2022,0.60,1271,906,37,47,273,0,8,0
MH-003,Bhivpuri PSP,2022,0.70,1192,873,32,42,241,0,4,0
MH-003,Bhivpuri PSP,2022,0.80,1127,837,28,35,223,0,4,0
MH-003,Bhivpuri PSP,2022,0.90,1008,780,16,20,191,0,1,0
MH-003,Bhivpuri PSP,2023,0.50,1326,847,16,82,334,37,10,0
MH-003,Bhivpuri PSP,2023,0.60,1243,821,13,75,295,32,7,0
MH-003,Bhivpuri PSP,2023,0.70,1127,774,8,66,248,26,5,0
MH-003,Bhivpuri PSP,2023,0.80,1054,741,4,63,227,17,2,0
MH-003,Bhivpuri PSP,2023,0.90,927,674,0,59,182,11,1,0
MH-003,Bhivpuri PSP,2024,0.50,1321,775,3,66,443,24,10,0
MH-003,Bhivpuri PSP,2024,0.60,1245,747,2,59,409,20,8,0
MH-003,Bhivpuri PSP,2024,0.70,1122,693,1,51,356,15,6,0
MH-003,Bhivpuri PSP,2024,0.80,1043,667,0,47,318,11,0,0
MH-003,Bhivpuri PSP,2024,0.90,885,592,0,34,251,8,0,0
MH-003,Bhivpuri PSP,2025,0.50,1275,531,0,77,580,0,87,0
MH-003,Bhivpuri PSP,2025,0.60,1164,495,0,52,547,0,70,0
MH-003,Bhivpuri PSP,2025,0.70,1034,444,0,35,506,0,49,0
MH-003,Bhivpuri PSP,2025,0.80,908,407,0,18,449,0,34,0
MH-003,Bhivpuri PSP,2025,0.90,760,356,0,12,372,0,20,0
